"SPECIES_ID","SPECIES_NAME","ALPHA_CODE","TAXONOMIC_ORDER","SCI_NAME","RECOMENDSIZE","ALLOWABLESIZE","ENDANGERED","RAPTOR","GAMEBIRD"
"0000","Unidentified Dead Bird","----",,"","N","N","","",""
"0010","Western Grebe","WEGR",97,"Aechmophorus occidentalis","7B, 7, 7A","7B, 7, 7A","","",""
"0011","Clark's Grebe","CLGR",99,"Aechmophorus clarkii","7A, 7, 7B","7A, 7, 7B","","",""
"0012","Western/Clark's Grebe","WCGR",98,"","7A, 7B","7A, 7B","","",""
"0020","Red-necked Grebe","RNGR",95,"Podiceps grisegena","7A, 7, 7B","7A, 7, 7B","","",""
"0030","Horned Grebe","HOGR",94,"Podiceps auritus","6, 5, 5A","6, 5, 5A","Québec","",""
"0040","Eared Grebe","EAGR",96,"Podiceps nigricollis","5, 5A","5, 5A, 6","","",""
"0050","Least Grebe","LEGR",92,"Tachybaptus dominicus","4","4","","",""
"0060","Pied-billed Grebe","PBGR",93,"Podilymbus podiceps","5, 6, 5A","5, 6, 5A","","",""
"0070","Common Loon","COLO",90,"Gavia immer","8, 8A, 9","8, 8A, 9","","",""
"0080","Yellow-billed Loon","YBLO",91,"Gavia adamsii","9, 8A","9, 8A","","",""
"0090","Arctic Loon","ARLO",88,"Gavia arctica","7B","7B","","",""
"0100","Pacific Loon","PALO",89,"Gavia pacifica","7B","7B","","",""
"0110","Red-throated Loon","RTLO",87,"Gavia stellata","7B","7B","","",""
"0120","Tufted Puffin","TUPU",396,"Fratercula cirrhata","6, 5, 5A","6, 5, 5A","","",""
"0130","Atlantic Puffin","ATPU",394,"Fratercula arctica","5","5","","",""
"0140","Horned Puffin","HOPU",395,"Fratercula corniculata","5, 5A","5, 5A, 6","","",""
"0150","Rhinoceros Auklet","RHAU",393,"Cerorhinca monocerata","5, 6, 5A","5, 6, 5A","","",""
"0160","Cassin's Auklet","CAAU",388,"Ptychoramphus aleuticus","3, 3B, 3A","3, 3B, 3A","","",""
"0170","Parakeet Auklet","PAAU",389,"Aethia psittacula","4","4, 4A","","",""
"0180","Crested Auklet","CRAU",392,"Aethia cristatella","4","4","","",""
"0190","Whiskered Auklet","WHAU",391,"Aethia pygmaea","3","3","","",""
"0200","Least Auklet","LEAU",390,"Aethia pusilla","2, 3, 2A","2, 3, 2A, 3B","","",""
"0210","Ancient Murrelet","ANMU",387,"Synthliboramphus antiquus","3, 3B","3, 3B, 3A","","",""
"0230","Marbled Murrelet","MAMU",381,"Brachyramphus marmoratus","3, 3B","3, 3B","Y","",""
"0232","Alaska Marbled Murrelet","AMMU",380,"Brachyramphus marmoratus","3, 3B","3, 3B","","",""
"0240","Kittlitz's Murrelet","KIMU",382,"Brachyramphus brevirostris","3","3, 3B","","",""
"0250","Xantus's Murrelet","XAMU",383,"","2, 2A","2, 2A","","",""
"0251","Scripps's Murrelet","SCMU",384,"Synthliboramphus scrippsi","2, 2A","2, 2A","","",""
"0252","Guadalupe Murrelet","GUMU",385,"Synthliboramphus hypoleucus","2, 2A","2, 2A","","",""
"0260","Craveri's Murrelet","CRMU",386,"Synthliboramphus craveri","2","2","","",""
"0270","Black Guillemot","BLGU",377,"Cepphus grylle","4, 4A","4, 4A, 5","","",""
"0290","Pigeon Guillemot","PIGU",378,"Cepphus columba","4, 4A","4, 4A, 5","","",""
"0300","Common Murre","COMU",374,"Uria aalge","6M, 6","6M, 6","","",""
"0310","Thick-billed Murre","TBMU",375,"Uria lomvia","6M, 5R, 6, 5","6M, 5R, 6, 5","","",""
"0320","Razorbill","RAZO",376,"Alca torda","5R, 6M","5R, 6M, 5, 6","","",""
"0340","Dovekie","DOVE",373,"Alle alle","3, 2A","3, 2A, 2","","",""
"0352","South Polar Skua","SPSK",367,"Stercorarius maccormicki","7A, 7B","7A, 7B","","",""
"0360","Pomarine Jaeger","POJA",370,"Stercorarius pomarinus","5","5","","",""
"0370","Parasitic Jaeger","PAJA",371,"Stercorarius parasiticus","3A, 4, 4A","3A, 4, 4A","","",""
"0380","Long-tailed Jaeger","LTJA",372,"Stercorarius longicaudus","4, 4A","4, 4A","","",""
"0390","Ivory Gull","IVGU",399,"Pagophila eburnea","4","4","Newfoundland and Labrador, Northwest Territories, Nunavut","",""
"0391","Magellan Gull","MAGU",405,"Leucophaeus scoresbii","5","5","","",""
"0400","Black-legged Kittiwake","BLKI",397,"Rissa tridactyla","4A, 5, 4","4A, 5, 4","","",""
"0410","Red-legged Kittiwake","RLKI",398,"Rissa brevirostris","4A, 4, 3A","4A, 4, 3A","","",""
"0420","Glaucous Gull","GLGU",421,"Larus hyperboreus","7A","7A, 7B","","",""
"0430","Iceland Gull","ICGU",417,"Larus glaucoides","6","6","","",""
"0431","Thayer's Gull","THGU",416,"Larus glaucoides thayeri","6","6","","",""
"0440","Glaucous-winged Gull","GWGU",420,"Larus glaucescens","7A, 7, 7B","7A, 7, 7B, 6","","",""
"0446","Hybrid Gull","HYGU",424,"","6, 7A, 7","6, 7A, 7, 7B","","",""
"0470","Great Black-backed Gull","GBBG",422,"Larus marinus","7B, 7, 7A","7B, 7, 7A","","",""
"0490","Western Gull","WEGU",412,"Larus occidentalis","6, 7A","6, 7A","","",""
"0500","Lesser Black-backed Gull","LBBG",418,"Larus fuscus","6","6","","",""
"0510","Herring Gull","HERG",415,"Larus argentatus","6, 7A","6, 7A","","",""
"0530","California Gull","CAGU",414,"Larus californicus","5, 5A","5, 5A, 6","","",""
"0534","Unidentified Gull","UNGU",425,"","5, 5A","5, 5A, 6, 7A","","",""
"0540","Ring-billed Gull","RBGU",411,"Larus delawarensis","5, 4A, 5A","5, 4A, 5A, 4","","",""
"0550","Mew Gull","MEGU",410,"Larus canus","4A, 4, 5","4A, 4, 5, 5A","","",""
"0551","Black-headed Gull","BHGU",402,"Chroicocephalus ridibundus","5","5","","",""
"0570","Heermann's Gull","HEEG",409,"Larus heermanni","4A","4A, 4","","",""
"0580","Laughing Gull","LAGU",406,"Leucophaeus atricilla","5, 4A, 4","5, 4A, 4","","",""
"0590","Franklin's Gull","FRGU",407,"Leucophaeus pipixcan","4","4, 4A","","",""
"0600","Bonaparte's Gull","BOGU",401,"Chroicocephalus philadelphia","3, 3B","3, 3B, 3A","","",""
"0601","Little Gull","LIGU",403,"Hydrocoloeus minutus","3","3","","",""
"0610","Ross's Gull","ROGU",404,"Rhodostethia rosea","3","3","Manitoba, Nunavut","",""
"0620","Sabine's Gull","SAGU",400,"Xema sabini","3, 3B","3, 3B","","",""
"0630","Gull-billed Tern","GBTE",438,"Gelochelidon nilotica","3B, 3A","3B, 3A, 3","","",""
"0640","Caspian Tern","CATE",439,"Hydroprogne caspia","5, 4A","5, 4A, 5A","","",""
"0650","Royal Tern","ROYT",451,"Thalasseus maximus","4, 4A","4, 4A, 5","","",""
"0652","Crested Tern","CRTE",452,"Thalasseus bergii","3, 3B","3, 3B","","",""
"0660","Elegant Tern","ELTE",455,"Thalasseus elegans","3","3, 3B","","",""
"0670","Sandwich Tern","SATE",453,"Thalasseus sandvicensis","3B","3B, 3, 3A","","",""
"0671","Cayenne Tern","CAYT",454,"Thalasseus acuflavidus eurygnathus","3B","3B","","",""
"0690","Forster's Tern","FOTE",450,"Sterna forsteri","3","3, 2A","","",""
"0700","Common Tern","COTE",446,"Sterna hirundo","2A, 2","2A, 2, 3","","",""
"0706","Hybrid Tern","HYTE",456,"","2, 2A","2, 2A","","",""
"0710","Arctic Tern","ARTE",447,"Sterna paradisaea","2, 2A","2, 2A, 3","","",""
"0720","Roseate Tern","ROST",443,"Sterna dougallii","2, 2A","2, 2A, 3","Y","",""
"0725","Common Tern X Roseate Tern Hybrid","HCRT",445,"","2","2","","",""
"0730","Aleutian Tern","ALTE",433,"Onychoprion aleuticus","2, 2A, 1D","2, 2A, 1D","","",""
"0731","Black-naped Tern","BNTE",444,"Sterna sumatrana","2","2","","",""
"0740","Least Tern","LETE",435,"Sternula antillarum","1A, 1B","1A, 1B","","",""
"0742","Interior Least Tern","ILTE",436,"Sternula antillarum athalassos","1A, 1B","1A, 1B, 1P","Y","",""
"0743","California Least Tern","CLTE",437,"Sternula antillarum browni","1A, 1B","1A, 1B, 1P","Y","",""
"0750","Sooty Tern","SOTE",430,"Onychoprion fuscatus","3","3, 2, 2A, 3B","","",""
"0760","Bridled Tern","BRTE",432,"Onychoprion anaethetus","2A, 3, 2","2A, 3, 2","","",""
"0761","Gray-backed Tern","GRAT",431,"Onychoprion lunatus","2, 2A","2, 2A, 3","","",""
"0770","Black Tern","BLTE",440,"Chlidonias niger","1D, 1A, 2","1D, 1A, 2","","",""
"0780","White-winged Tern","WWTE",441,"Chlidonias leucopterus","2","2","","",""
"0790","Brown Noddy","BRNO",426,"Anous stolidus","3","3, 3B","","",""
"0791","Black Noddy","BLNO",427,"Anous minutus","2, 3, 2A","2, 3, 2A, 3B","","",""
"0792","Blue-gray Noddy","BGNO",428,"Anous ceruleus","2, 1D, 2A","2, 1D, 2A","","",""
"0793","White Tern","WHTE",429,"Gygis alba","2, 2A","2, 2A","","",""
"0800","Black Skimmer","BLSK",457,"Rynchops niger","4, 4A, 3A, 4V","4, 4A, 3A, 4V, 3B","","",""
"0810","Black-footed Albatross","BFAL",126,"Phoebastria nigripes","7B","7B, 7, 7V","","",""
"0811","Wandering Albatross","WAAL",124,"Diomedea exulans","8","8","","",""
"0816","Hybrid Albatross","HYAL",121,"","7B, 8, 7D","7B, 8, 7D","","",""
"0820","Short-tailed Albatross","STAL",128,"Phoebastria albatrus","8","8","Y","",""
"0821","Laysan Albatross","LAAL",125,"Phoebastria immutabilis","7B","7B, 7, 7V","","",""
"0822","Black-browed Albatross","BBAL",117,"Thalassarche melanophris","8","8","","",""
"0824","Waved Albatross","WAVA",127,"Phoebastria irrorata","8","8","","",""
"0830","Yellow-nosed Albatross","YNAL",115,"Thalassarche chlororhynchos","8","8","","",""
"0860","Northern Fulmar","NOFU",131,"Fulmarus glacialis","6, 5A","6, 5A, 5","","",""
"0880","Cory's Shearwater","COSH",157,"Calonectris diomedea","4","4","","",""
"0881","Streaked Shearwater","STRS",156,"Calonectris leucomelas","3B","3B","","",""
"0890","Great Shearwater","GRSH",160,"Ardenna gravis","6, 5, 5R","6, 5, 5R","","",""
"0900","Manx Shearwater","MASH",166,"Puffinus puffinus","4A, 4","4A, 4","","",""
"0910","Pink-footed Shearwater","PFSH",158,"Puffinus creatopus","5, 4A","5, 4A","British Columbia","",""
"0920","Audubon's Shearwater","AUSH",170,"Puffinus lherminieri","3B, 3A","3B, 3A","","",""
"0922","Tropical Shearwater","TRSH",171,"Puffinus bailloni","3, 3B, 3A","3, 3B, 3A, 4","","",""
"0930","Black-vented Shearwater","BVSH",169,"Puffinus opisthomelas","4","4","","",""
"0932","Newell's Shearwater","NESH",167,"Puffinus newelli","4, 4A","4, 4A","Y","",""
"0950","Sooty Shearwater","SOSH",163,"Ardenna grisea","5, 5A, 4A","5, 5A, 4A, 6","","",""
"0960","Short-tailed Shearwater","SHOS",164,"Ardenna tenuirostris","5, 4A","5, 4A","","",""
"0961","Wedge-tailed Shearwater","WTSH",161,"Ardenna pacifica","5, 4A, 4","5, 4A, 4","","",""
"0962","Buller's Shearwater","BULS",162,"Ardenna bulleri","4","4","","",""
"0963","Christmas Shearwater","CHSH",165,"Puffinus nativitatis","4, 4A","4, 4A","","",""
"0980","Black-capped Petrel","BCPE",144,"Pterodroma hasitata","3A","3A, 3B","","",""
"0983","Cook's Petrel","COPE",151,"Pterodroma cookii","3","3","","",""
"0985","Hawaiian Petrel","HAPE",148,"Pterodroma sandwichensis","4, 3A","4, 3A, 3B, 4A","Y","",""
"0986","Trindade Petrel","TRPE",146,"Pterodroma arminjoniana","4","4, 3A","","",""
"0987","Juan Fernandez Petrel","JFPE",145,"Pterodroma externa","3","3","","",""
"0988","Phoenix Petrel","PHPE",147,"Pterodroma alba","4, 3A, 3B","4, 3A, 3B, 3, 4A","","",""
"0991","Bonin Petrel","BOPE",149,"Pterodroma hypoleuca","3, 3B, 2A","3, 3B, 2A, 3A","","",""
"0992","Black-winged Petrel","BWPE",150,"Pterodroma nigripennis","2","2","","",""
"1001","Murphy's Petrel","MUPE",142,"Pterodroma ultima","3, 3B, 3A","3, 3B, 3A","","",""
"1004","Tahiti Petrel","TAPE",153,"Pseudobulweria rostrata","4","4, 4A","","",""
"1010","Bulwer's Petrel","BUPE",154,"Bulweria bulwerii","2, 2A, 3","2, 2A, 3","","",""
"1020","Cape Petrel","CAPE",134,"Daption capense","4, 4A","4, 4A","","",""
"1030","Least Storm-Petrel","LTSP",184,"Hydrobates microsoma","1B","1B","","",""
"1050","Fork-tailed Storm-Petrel","FTSP",177,"Hydrobates furcatus","1B, 1A","1B, 1A","","",""
"1060","Leach's Storm-Petrel","LHSP",178,"Hydrobates leucorhous","1B, 1A","1B, 1A, 1","","",""
"1062","Band-rumped Storm-Petrel","BANP",180,"Hydrobates castro","1B, 1A, 1","1B, 1A, 1","Y","",""
"1063","Wedge-rumped Storm-Petrel","WRSP",181,"Hydrobates tethys","1B","1B","","",""
"1070","Black Storm-Petrel","BLSP",182,"Hydrobates melania","1A, 1B","1A, 1B","","",""
"1071","Tristram's Storm-Petrel","TRSP",183,"Hydrobates tristrami","2, 2A","2, 2A","","",""
"1080","Ashy Storm-Petrel","ASSP",179,"Hydrobates homochroa","1B","1B, 1A","","",""
"1090","Wilson's Storm-Petrel","WISP",173,"Oceanites oceanicus","1B, 1A","1B, 1A","","",""
"1101","White-throated Storm-Petrel","WHSP",176,"Nesofregetta fuliginosa","3, 2A, 2","3, 2A, 2","","",""
"1120","White-tailed Tropicbird","WTTR",185,"Phaethon lepturus","4, 4A, 3A","4, 4A, 3A, 3B","","",""
"1130","Red-billed Tropicbird","RBTR",186,"Phaethon aethereus","4A","4A, 5","","",""
"1131","Red-tailed Tropicbird","RTTR",187,"Phaethon rubricauda","5, 4A, 5A","5, 4A, 5A, 6","","",""
"1140","Masked Booby","MABO",192,"Sula dactylatra","7B, 8","7B, 8, 7","","",""
"1141","Blue-footed Booby","BFBO",194,"Sula nebouxii","7B, 7, 7A","7B, 7, 7A","","",""
"1150","Brown Booby","BRBO",195,"Sula leucogaster","7B, 7","7B, 7","","",""
"1160","Red-footed Booby","RFBO",196,"Sula sula","7A, 7, 7B","7A, 7, 7B","","",""
"1170","Northern Gannet","NOGA",197,"Morus bassanus","8","8, 8A","","",""
"1180","Anhinga","ANHI",206,"Anhinga anhinga","7B, 8","7B, 8, 7","","",""
"1190","Great Cormorant","GRCO",201,"Phalacrocorax carbo","8","8, 7D","","",""
"1200","Double-crested Cormorant","DCCO",200,"Phalacrocorax auritus","8, 7B, 7D","8, 7B, 7D","","",""
"1201","Guanay Cormorant","GUCO",204,"Leucocarbo bougainvillii","8","8, 8A","","",""
"1210","Neotropic Cormorant","NECO",199,"Phalacrocorax brasilianus","7B, 7, 7A","7B, 7, 7A, 7D","","",""
"1220","Brandt's Cormorant","BRAC",198,"Phalacrocorax penicillatus","8","8, 7D, 8A","","",""
"1230","Pelagic Cormorant","PECO",203,"Phalacrocorax pelagicus","7B, 7, 7D","7B, 7, 7D, 7A, 8","","",""
"1240","Red-faced Cormorant","RFCO",202,"Phalacrocorax urile","8, 7B, 7D","8, 7B, 7D","","",""
"1250","American White Pelican","AWPE",207,"Pelecanus erythrorhynchos","9, 9C, 8A","9, 9C, 8A, 9A","","",""
"1260","Brown Pelican","BRPE",208,"Pelecanus occidentalis","8A, 9, 8","8A, 9, 8","","",""
"1280","Magnificent Frigatebird","MAFR",189,"Fregata magnificens","7B, 7, 7A","7B, 7, 7A","","",""
"1281","Great Frigatebird","GRFR",190,"Fregata minor","7B, 7, 7A","7B, 7, 7A, 7D","","",""
"1282","Lesser Frigatebird","LEFR",191,"Fregata ariel","7A, 7","7A, 7, 7B","","",""
"1290","Common Merganser","COME",81,"Mergus merganser","7A, 7","7A, 7, 7V","","","Y"
"1300","Red-breasted Merganser","RBME",82,"Mergus serrator","6, 7A","6, 7A","","","Y"
"1310","Hooded Merganser","HOME",80,"Lophodytes cucullatus","5, 5A, 6","5, 5A, 6","","","Y"
"1320","Mallard","MALL",45,"Anas platyrhynchos","7A, 7","7A, 7, 6, 7B","","","Y"
"1321","Hawaiian Duck","HAWD",48,"Anas wyvilliana","6, 7A","6, 7A, 5","Y","",""
"1322","Laysan Duck","LADU",49,"Anas laysanensis","5, 5A, 6","5, 5A, 6","Y","",""
"1323","Mallard X Hawaiian Duck Hybrid","MHDH",50,"","7A, 6","7A, 6","","","Y"
"1325","Mallard X American Black Duck Intermediate","MBDX",42,"","7A","7A, 7","","","Y"
"1326","Mallard X American Black Duck Hybrid","MBDH",43,"","7A","7A, 7","","","Y"
"1327","Mallard Dominant X American Black Duck Hybrid","MALX",44,"","7A","7A, 7","","","Y"
"1330","American Black Duck","ABDU",40,"Anas rubripes","7A","7A, 7","","","Y"
"1331","Mexican Duck","MEDU",47,"Anas diazi","7A","7A","","",""
"1337","American Black Duck Dominant X Mallard Hybrid","ABDX",41,"","7A","7A, 7","","","Y"
"1340","Mottled Duck","MODU",46,"Anas fulvigula","7A","7A, 7","","","Y"
"1350","Gadwall","GADW",35,"Mareca strepera","6","6, 5A, 7A","","","Y"
"1360","Eurasian Wigeon","EUWI",37,"Mareca penelope","6","6","","","Y"
"1370","American Wigeon","AMWI",38,"Mareca americana","6","6, 5A, 7A","","","Y"
"1380","European Green-winged Teal","EGWT",58,"Anas crecca crecca","4, 4A","4, 4A, 5","","","Y"
"1390","Green-winged Teal","AGWT",59,"Anas crecca","4, 4A","4, 4A, 5","","","Y"
"1392","Garganey","GARG",56,"Spatula querquedula","4A, 4","4A, 4","","","Y"
"1400","Blue-winged Teal","BWTE",51,"Spatula discors","5, 4A","5, 4A, 4, 5A","","","Y"
"1401","Unidentified Teal","UNTE",60,"","5, 4A","5, 4A, 4","","","Y"
"1410","Cinnamon Teal","CITE",52,"Spatula cyanoptera","5, 4A","5, 4A, 4, 5A","","","Y"
"1420","Northern Shoveler","NSHO",53,"Spatula clypeata","5, 6, 5A","5, 6, 5A","","","Y"
"1430","Northern Pintail","NOPI",55,"Anas acuta","6","6, 5A, 7A","","","Y"
"1431","White-cheeked Pintail","WHIP",54,"Anas bahamensis","5, 5A","5, 5A, 6","","","Y"
"1436","Other Hybrid Duck","OHDU",85,"","7A, 6, 5A, 5","7A, 6, 5A, 5","","","Y"
"1440","Wood Duck","WODU",34,"Aix sponsa","M: 5A, 6, 5 / F: 5A, 5, 6","M: 5A, 6, 5 / F: 5A, 5, 6","","","Y"
"1460","Redhead","REDH",62,"Aythya americana","6, 7A","6, 7A","","","Y"
"1470","Canvasback","CANV",61,"Aythya valisineria","7A","7A, 6, 7","","","Y"
"1480","Greater Scaup","GRSC",66,"Aythya marila","6, 5A, 5","6, 5A, 5","","","Y"
"1490","Lesser Scaup","LESC",67,"Aythya affinis","6, 5A, 5","6, 5A, 5","","","Y"
"1491","Tufted Duck","TUDU",65,"Aythya fuligula","5","5","","","Y"
"1500","Ring-necked Duck","RNDU",64,"Aythya collaris","6, 5A","6, 5A, 5","","","Y"
"1510","Common Goldeneye","COGO",78,"Bucephala clangula","6, 7A","6, 7A","","","Y"
"1520","Barrow's Goldeneye","BAGO",79,"Bucephala islandica","7A, 6","7A, 6","","","Y"
"1530","Bufflehead","BUFF",77,"Bucephala albeola","5, 5A","5, 5A, 6","","","Y"
"1540","Long-tailed Duck","LTDU",76,"Clangula hyemalis","6, 5A, 5","6, 5A, 5","","","Y"
"1550","Harlequin Duck","HARD",72,"Histrionicus histrionicus","5, 5A","5, 5A, 6","","","Y"
"1570","Steller's Eider","STEI",68,"Polysticta stelleri","7A, 6","7A, 6","Y","",""
"1580","Spectacled Eider","SPEI",69,"Somateria fischeri","7A, 6","7A, 6","Y","",""
"1590","Common Eider","COEI",71,"Somateria mollissima","M: 7B, 7, 7A / F: 7A, 7, 7B","M: 7B, 7, 7A / F: 7A, 7, 7B","","","Y"
"1620","King Eider","KIEI",70,"Somateria spectabilis","7A, 6, 7, 7B","7A, 6, 7, 7B","","","Y"
"1630","Black Scoter","BLSC",75,"Melanitta americana","7A","7A","","","Y"
"1650","White-winged Scoter","WWSC",74,"Melanitta deglandi","7A, 7","7A, 7, 7B","","","Y"
"1660","Surf Scoter","SUSC",73,"Melanitta perspicillata","7A","7A","","","Y"
"1670","Ruddy Duck","RUDU",84,"Oxyura jamaicensis","M: 7A, 6 / F: 6, 7A","M: 7A, 6, 5A / F: 6, 7A, 5A","","","Y"
"1680","Masked Duck","MADU",83,"Nomonyx dominicus","5","5","","","Y"
"1690","Lesser Snow Goose","LSGO",10,"Anser caerulescens caerulescens","7B","7B, 7","","","Y"
"1691","Blue Goose","BLGO",11,"Anser caerulescens","7B","7B, 7","","","Y"
"1695","Snow X Blue Goose Intergrade","SBGI",12,"","7B","7B","","","Y"
"1698","Blue Greater Snow Goose","BGSG",13,"","7B","7B","","","Y"
"1699","Greater Snow Goose","GSGO",14,"Anser caerulescens atlantica","7B","7B","","","Y"
"1700","Ross's Goose","ROGO",16,"Anser rossii","7B","7B","","","Y"
"1703","Snow X Ross's Goose Hybrid","SRGH",15,"","7B","7B","","","Y"
"1710","Greater White-fronted Goose","GWFG",6,"Anser albifrons","7B, 8","7B, 8","","","Y"
"1716","Other Hybrid Goose","OHGO",27,"","8, 7B","8, 7B","","",""
"1719","Tule White-fronted Goose","TWFG",8,"Anser albifrons elgasi","8","8","","","Y"
"1720","Canada Goose","CAGO",25,"Branta canadensis","8","8, 8A","","","Y"
"1721","Aleutian Canada Goose","ACGO",21,"Branta hutchinsii leucopareia","7B, 7","7B, 7, 7A","","","Y"
"1722","Cackling Goose","CACG",22,"Branta hutchinsii","7A, 7, 7B","7A, 7, 7B","","","Y"
"1723","Large Canada Goose","LCGO",23,"Branta canadensis maxima","8","8, 8A","","","Y"
"1729","Small Canada Goose","SCGO",24,"Branta canadensis parvipes","7B, 7","7B, 7, 7D","","","Y"
"1730","Atlantic Brant","ATBR",17,"Branta bernicla hrota","7B, 7","7B, 7, 7A","","","Y"
"1731","Black X Atlantic Brant Intergrade","BABI",18,"","7A, 7, 7B","7A, 7, 7B","","","Y"
"1740","Black Brant","BLBR",19,"Branta bernicla nigricans","7A, 7, 7B","7A, 7, 7B","","","Y"
"1750","Barnacle Goose","BRNG",20,"Branta leucopsis","7B","7B","","",""
"1751","Hawaiian Goose","HAGO",26,"Branta sandvicensis","8, 7B","8, 7B, 8A","Y","",""
"1760","Emperor Goose","EMGO",9,"Anser canagicus","7B","7B, 7","","","Y"
"1770","Black-bellied Whistling-Duck","BBWD",1,"Dendrocygna autumnalis","7A, 7","7A, 7, 7B","","","Y"
"1771","West Indian Whistling-Duck","WIWD",2,"Dendrocygna arborea","7B","7B","","","Y"
"1780","Fulvous Whistling-Duck","FUWD",3,"Dendrocygna bicolor","7A, 7","7A, 7, 6","","","Y"
"1782","Mute Swan","MUSW",28,"Cygnus olor","9C","9C, 9, 9A","","",""
"1790","Whooper Swan","WHOS",32,"Cygnus cygnus","9","9","","",""
"1800","Whistling Swan","WHSW",30,"Cygnus columbianus columbianus","9","9, 9C","","","Y"
"1801","Bewick's Swan","BESW",31,"Cygnus columbianus bewickii","9","9","","",""
"1810","Trumpeter Swan","TRUS",29,"Cygnus buccinator","9C, 9","9C, 9","","","Y"
"1820","American Flamingo","AMFL",100,"Phoenicopterus ruber","8, 8A","8, 8A, 9","","",""
"1830","Roseate Spoonbill","ROSP",228,"Platalea ajaja","7B","7B","","",""
"1840","White Ibis","WHIB",224,"Eudocimus albus","6, 7A","6, 7A","","",""
"1850","Scarlet Ibis","SCIB",225,"Eudocimus ruber","6","6","","",""
"1860","Glossy Ibis","GLIB",226,"Plegadis falcinellus","6","6","","",""
"1870","White-faced Ibis","WFIB",227,"Plegadis chihi","6","6","","",""
"1880","Wood Stork","WOST",188,"Mycteria americana","8","8","Y","",""
"1900","American Bittern","AMBI",209,"Botaurus lentiginosus","M: 7A / F: 6","M: 7A, 6 / F: 6, 7A","","",""
"1910","Least Bittern","LEBI",211,"Ixobrychus exilis","4","4, 3A, 4A","Manitoba, New Brunswick, Nova Scotia, Ontario, Québec","",""
"1911","Yellow Bittern","YEBI",210,"Ixobrychus sinensis","4","4, 3A, 4A","","",""
"1920","Great White Heron","GWHE",212,"Ardea herodias occidentalis","8","8","","",""
"1940","Great Blue Heron","GBHE",213,"Ardea herodias","7B, 8","7B, 8, 7","","",""
"1960","Great Egret","GREG",214,"Ardea alba","7B, 7A, 7","7B, 7A, 7","","",""
"1969","Pacific Reef Heron","PRHE",215,"Egretta sacra","7A","7A, 6","","",""
"1970","Snowy Egret","SNEG",216,"Egretta thula","6","6, 5A","","",""
"1980","Reddish Egret","REEG",219,"Egretta rufescens","7A","7A, 6","","",""
"1990","Tricolored Heron","TRHE",218,"Egretta tricolor","6","6, 5A","","",""
"2000","Little Blue Heron","LBHE",217,"Egretta caerulea","6","6, 5A, 7A","","",""
"2001","Cattle Egret","CAEG",220,"Bubulcus ibis","6","6, 5A, 7A","","",""
"2010","Green Heron","GRHE",221,"Butorides virescens","5, 5A, 6","5, 5A, 6, 4, 4A","","",""
"2020","Black-crowned Night-Heron","BCNH",222,"Nycticorax nycticorax","7A, 7","7A, 7, 6, 7B","","",""
"2030","Yellow-crowned Night-Heron","YCNH",223,"Nyctanassa violacea","7A, 7","7A, 7, 6, 7B","","",""
"2040","Whooping Crane","WHCR",287,"Grus americana","9, 9V","9, 9V","Y","",""
"2060","Sandhill Crane","SACR",284,"Antigone canadensis","8, 8A, 9","8, 8A, 9","","","Y"
"2061","Mississippi Sandhill Crane","MSCR",285,"Antigone canadensis pulla","8, 8A","8, 8A","Y","",""
"2070","Limpkin","LIMP",283,"Aramus guarauna","7A, 6","7A, 6","","",""
"2080","King Rail","KIRA",271,"Rallus elegans","5","5, 4A, 5A","Ontario","","Y"
"2110","Clapper Rail","CLRA",270,"Rallus longirostris","5, 4A","5, 4A, 5A","","","Y"
"2111","California Ridgway's Rail","CRRA",267,"Rallus obsoletus obsoletus","5","5, 4A, 5A","Y","",""
"2112","Light-footed Ridgway's Rail","LFRR",268,"Rallus obsoletus levipes","5","5, 4A, 5A","Y","",""
"2113","Yuma Ridgway's Rail","YRRA",269,"Rallus obsoletus yumanensis","5","5, 4A, 5A","Y","",""
"2120","Virginia Rail","VIRA",272,"Rallus limicola","2, 3, 2A","2, 3, 2A, 3B","","","Y"
"2140","Sora","SORA",273,"Porzana carolina","2, 2A, 3","2, 2A, 3","","","Y"
"2150","Yellow Rail","YERA",261,"Coturnicops noveboracensis","2, 1D","2, 1D, 1A","","",""
"2160","Black Rail","BLRA",262,"Laterallus jamaicensis","1D, 1A, 2","1D, 1A, 2","","",""
"2161","Buff-banded Rail","BBRA",265,"Gallirallus philippensis","4","4","","","Y"
"2163","Eastern Black Rail","EBRA",263,"Laterallus jamaicensis jamaicensis","1D, 1A, 2","1D, 1A, 2","Y","",""
"2180","Purple Gallinule","PUGA",276,"Porphyrio martinicus","4, 4A, 5","4, 4A, 5","","","Y"
"2190","Common Gallinule","COGA",277,"Gallinula galeata","5A, 6, 5","5A, 6, 5","","","Y"
"2191","Hawaiian Gallinule","HAGA",278,"Gallinula galeata sandvicensis","5, 6","5, 6","Y","",""
"2201","Hawaiian Coot","HACO",280,"Fulica alai","6, 5A, 5","6, 5A, 5","Y","",""
"2210","American Coot","AMCO",281,"Fulica americana","6, 5A, 5","6, 5A, 5","","","Y"
"2220","Red Phalarope","REPH",365,"Phalaropus fulicarius","1A","1A, 1B","","",""
"2230","Red-necked Phalarope","RNPH",364,"Phalaropus lobatus","1B","1B, 1, 1A","","",""
"2240","Wilson's Phalarope","WIPH",363,"Phalaropus tricolor","1D, 1A, 2","1D, 1A, 2, 1B","","",""
"2250","American Avocet","AMAV",290,"Recurvirostra americana","4, 4A","4, 4A, 5","","",""
"2260","Black-necked Stilt","BNST",288,"Himantopus mexicanus","3A, 4, 4A","3A, 4, 4A, 3B","","",""
"2261","Hawaiian Stilt","HAST",289,"Himantopus mexicanus knudseni","4, 3A, 4A","4, 3A, 4A","Y","",""
"2262","Black-winged Stilt","BWST",286,"Himantopus himantopus","4","4, 3A, 4A","","",""
"2280","American Woodcock","AMWO",362,"Scolopax minor","3","3, 3A, 3B","","","Y"
"2290","Common Snipe","COSN",357,"Gallinago gallinago","3, 3B","3, 3B","","",""
"2300","Wilson's Snipe","WISN",358,"Gallinago delicata","3, 3B, 3A, 2","3, 3B, 3A, 2","","","Y"
"2301","Pin-tailed Snipe","PTSN",359,"Gallinago stenura","3","3","","","Y"
"2302","Swinhoe's Snipe","SWSN",360,"Gallinago megala","3","3","","","Y"
"2310","Short-billed Dowitcher","SBDO",355,"Limnodromus griseus","2, 2A","2, 2A, 3","","",""
"2320","Long-billed Dowitcher","LBDO",356,"Limnodromus scolopaceus","2, 2A","2, 2A, 3","","",""
"2330","Stilt Sandpiper","STSA",338,"Calidris himantopus","1A, 1D","1A, 1D, 1B, 2","","",""
"2340","Red Knot","REKN",333,"Calidris canutus","2, 2A","2, 2A, 3, 3A, 3B","British Columbia, Yukon Territory, Northwest Territories","",""
"2341","Rufa Red Knot","RRKN",334,"Calidris canutus rufa","2, 2A","2, 2A, 3","Y","",""
"2350","Purple Sandpiper","PUSA",346,"Calidris maritima","1A, 1D, 2","1A, 1D, 2","","",""
"2360","Rock Sandpiper","ROSA",345,"Calidris ptilocnemis","2, 1D","2, 1D, 1A","","",""
"2380","Sharp-tailed Sandpiper","SHAS",337,"Calidris acuminata","1A, 1D","1A, 1D, 2","","",""
"2390","Pectoral Sandpiper","PESA",352,"Calidris melanotos","1A, 1D, 2","1A, 1D, 2, 1B, 2A","","",""
"2400","White-rumped Sandpiper","WRSA",350,"Calidris fuscicollis","1A, 1B","1A, 1B, 1","","",""
"2410","Baird's Sandpiper","BASA",347,"Calidris bairdii","1B, 1A","1B, 1A","","",""
"2420","Least Sandpiper","LESA",349,"Calidris minutilla","1, 1B, 1C","1, 1B, 1C, 0","","",""
"2422","Red-necked Stint","RNST",342,"Calidris ruficollis","1, 1B, 1C","1, 1B, 1C","","",""
"2423","Long-toed Stint","LTST",340,"Calidris subminuta","1, 1B","1, 1B","","",""
"2430","Dunlin","DUNL",344,"Calidris alpina","1A, 1B, 1D","1A, 1B, 1D, 2","","",""
"2440","Curlew Sandpiper","CUSA",339,"Calidris ferruginea","1A","1A","","",""
"2460","Semipalmated Sandpiper","SESA",353,"Calidris pusilla","1B, 1","1B, 1, 0, 1A, 1C","","",""
"2470","Western Sandpiper","WESA",354,"Calidris mauri","1B, 1","1B, 1, 0, 1A, 1C","","",""
"2480","Sanderling","SAND",343,"Calidris alba","1A, 1D","1A, 1D, 1B, 2","","",""
"2490","Marbled Godwit","MAGO",330,"Limosa fedoa","4","4, 4A","","",""
"2500","Bar-tailed Godwit","BARG",329,"Limosa lapponica","M: 4 / F: 4A","M: 4 / F: 4A","","",""
"2510","Hudsonian Godwit","HUGO",328,"Limosa haemastica","3A","3A, 3B, 4","","",""
"2532","Common Greenshank","CGRE",317,"Tringa nebularia","3, 3B, 3A","3, 3B, 3A","","",""
"2540","Greater Yellowlegs","GRYE",318,"Tringa melanoleuca","3, 3B","3, 3B, 2A, 3A","","",""
"2550","Lesser Yellowlegs","LEYE",320,"Tringa flavipes","2, 2A","2, 2A, 1D, 3","","",""
"2560","Solitary Sandpiper","SOSA",314,"Tringa solitaria","1A, 1D, 2","1A, 1D, 2, 1B","","",""
"2561","Wood Sandpiper","WOSA",322,"Tringa glareola","3, 2, 1D, 1A","3, 2, 1D, 1A","","",""
"2562","Marsh Sandpiper","MASA",321,"Tringa stagnatilis","3, 2, 1D","3, 2, 1D","","",""
"2580","Willet","WILL",319,"Tringa semipalmata","4, 4A, 3A","4, 4A, 3A, 5","","",""
"2590","Wandering Tattler","WATA",316,"Tringa incana","3, 2, 2A","3, 2, 2A","","",""
"2591","Gray-tailed Tattler","GTTA",315,"Tringa brevipes","3, 2, 2A","3, 2, 2A","","",""
"2600","Ruff","RUFF",336,"Calidris pugnax","3, 2A","3, 2A, 2","","",""
"2610","Upland Sandpiper","UPSA",323,"Bartramia longicauda","3, 2A","3, 2A","","",""
"2620","Buff-breasted Sandpiper","BBSA",351,"Calidris  subruficollis","1A","1A","","",""
"2630","Spotted Sandpiper","SPSA",313,"Actitis macularius","1B, 1A","1B, 1A, 1D","","",""
"2631","Common Sandpiper","COSA",312,"Actitis hypoleucos","1B, 1A","1B, 1A","","",""
"2640","Long-billed Curlew","LBCU",326,"Numenius americanus","5, 4A, 5A","5, 4A, 5A, 4, 6","","",""
"2650","Whimbrel","WHIM",324,"Numenius phaeopus","4, 4A","4, 4A","","",""
"2680","Bristle-thighed Curlew","BTCU",325,"Numenius tahitiensis","4A, 5","4A, 5, 4","","",""
"2700","Black-bellied Plover","BBPL",294,"Pluvialis squatarola","3, 3B, 3A","3, 3B, 3A","","",""
"2720","American Golden-Plover","AMGP",296,"Pluvialis dominica","3, 2A, 2","3, 2A, 2, 3B","","",""
"2721","Pacific Golden-Plover","PAGP",297,"Pluvialis fulva","3, 2A, 2","3, 2A, 2, 3B","","",""
"2729","Lesser Golden-Plover","LEGP",298,"","3, 2A, 2","3, 2A, 2, 3B","","",""
"2730","Killdeer","KILL",306,"Charadrius vociferus","2, 2A, 1D","2, 2A, 1D, 1A, 3","","",""
"2740","Semipalmated Plover","SEPL",304,"Charadrius semipalmatus","1A, 1B, 1D","1A, 1B, 1D, 1, 1P","","",""
"2750","Common Ringed Plover","CRPL",303,"Charadrius hiaticula","1A, 1B","1A, 1B","","",""
"2770","Piping Plover","PIPL",305,"Charadrius melodus","1A, 1B","1A, 1B","Y","",""
"2780","Snowy Plover","SNPL",300,"Charadrius nivosus","1P","1P, 1A, 1B","","",""
"2781","Western Snowy Plover","WSPL",301,"Charadrius nivosus nivosus","1P","1P, 1A, 1B","Y","",""
"2790","Lesser Sand-Plover","LRSP",299,"Charadrius mongolus","3","3","","",""
"2800","Wilson's Plover","WIPL",302,"Charadrius wilsonia","1D, 1A, 2","1D, 1A, 2","","",""
"2810","Mountain Plover","MOPL",307,"Charadrius montanus","2, 3","2, 3, 2A, 3A, 3B","Alberta, Saskatchewan","",""
"2820","Surfbird","SURF",335,"Calidris virgata","2A, 3, 2","2A, 3, 2","","",""
"2830","Ruddy Turnstone","RUTU",331,"Arenaria interpres","2A, 2, 3","2A, 2, 3, 3B","","",""
"2840","Black Turnstone","BLTU",332,"Arenaria melanocephala","2A, 2","2A, 2, 3","","",""
"2860","American Oystercatcher","AMOY",291,"Haematopus palliatus","5A, 5, 6","5A, 5, 6","","",""
"2870","Black Oystercatcher","BLOY",292,"Haematopus bachmani","5, 5A","5, 5A, 6","","",""
"2880","Northern Jacana","NOJA",311,"Jacana spinosa","3A","3A, 3B, 4","","",""
"3120","Band-tailed Pigeon","BTPI",463,"Patagioenas fasciata","5, 5A","5, 5A","","","Y"
"3121","Plain Pigeon","PLPI",461,"Patagioenas inornata","5","5","Y","",""
"3130","Red-billed Pigeon","RBPI",460,"Patagioenas flavirostris","5","5","","",""
"3140","White-crowned Pigeon","WCPI",459,"Patagioenas leucocephala","4, 4A","4, 4A, 3A","","","Y"
"3141","Scaly-naped Pigeon","SNPI",458,"Patagioenas squamosa","5","5","","","Y"
"3151","Spotted Dove","SPDO",467,"Streptopelia chinensis","3A, 4","3A, 4, 3B","","",""
"3152","African Collared-Dove","AFCD",465,"Streptopelia roseogrisea","4, 4A","4, 4A, 3A","","",""
"3153","Zebra Dove","ZEBD",468,"Geopelia striata","3, 2","3, 2","","",""
"3154","White-throated Ground-Dove","WTGD",473,"Alopecoenas xanthonurus","4, 3A","4, 3A","","",""
"3155","Mariana Fruit Dove","MAFD",477,"Ptilinopus roseicapilla","3A, 3B","3A, 3B","","",""
"3158","Philippine Turtle-Dove","PHTD",464,"Streptopelia bitorquata","4, 3A","4, 3A, 3B","","",""
"3159","Eurasian Collared-Dove","ECDO",466,"Streptopelia decaocto","4A, 4","4A, 4, 3A","","",""
"3160","Mourning Dove","MODO",486,"Zenaida macroura","3A, 3B","3A, 3B, 3, 4","","","Y"
"3161","Eared Dove","EADO",485,"Zenaida auriculata","3A","3A","","","Y"
"3170","Zenaida Dove","ZEND",484,"Zenaida aurita","4, 3A","4, 3A, 3B, 4A","","","Y"
"3180","White-tipped Dove","WTDO",481,"Leptotila verreauxi","3A, 4, 3B","3A, 4, 3B","","","Y"
"3181","Caribbean Dove","CADO",482,"Leptotila jamaicensis","3A","3A","","",""
"3190","White-winged Dove","WWDO",483,"Zenaida asiatica","4, 3A","4, 3A, 4A","","","Y"
"3200","Common Ground-Dove","COGD",470,"Columbina passerina","2, 1D","2, 1D, 1A","","",""
"3201","Ruddy Ground-Dove","RUGD",471,"Columbina talpacoti","2","2","","",""
"3210","Inca Dove","INDO",469,"Columbina inca","2, 3","2, 3, 1D","","",""
"3220","Key West Quail-Dove","KWQD",479,"Geotrygon chrysia","3A, 4","3A, 4, 3B","","",""
"3221","Ruddy Quail-Dove","RUQD",472,"Geotrygon montana","3A, 4, 3B","3A, 4, 3B, 3","","",""
"3222","Bridled Quail-Dove","BRQD",480,"Geotrygon mystacea","3A, 4","3A, 4","","",""
"3240","California Condor","CALC",231,"Gymnogyps californianus","8V","8V","Y","",""
"3250","Turkey Vulture","TUVU",230,"Cathartes aura","8V","8V","","",""
"3260","Black Vulture","BLVU",229,"Coragyps atratus","8V","8V","","",""
"3270","Swallow-tailed Kite","STKI",234,"Elanoides forficatus","6","6, 5","","Y",""
"3271","Hook-billed Kite","HBKI",233,"Chondrohierax uncinatus","6, 7A","6, 7A","","Y",""
"3280","White-tailed Kite","WTKI",235,"Elanus leucurus","6, 5","6, 5","","Y",""
"3290","Mississippi Kite","MIKI",237,"Ictinia mississippiensis","5","5, 4A","","Y",""
"3300","Snail Kite","SNKI",236,"Rostrhamus sociabilis","6","6, 5","Y","",""
"3310","Northern Harrier","NOHA",239,"Circus hudsonius","M: 4, 4A / F: 5, 5A, 6","M: 4, 4A, 5 / F: 5, 5A, 6, 4","","Y",""
"3320","Sharp-shinned Hawk","SSHA",240,"Accipiter striatus","M: 2, 3 / F: 3B, 3A, 3","M: 2, 3, 3A, 3B / F: 3B, 3A, 3, 2, 4","","Y",""
"3321","Puerto Rican Sharp-shinned Hawk","PSSH",241,"Accipiter striatus venator","M: 2, 3 / F: 3, 3B","M: 2, 3 / F: 3, 3B, 3A","Y","",""
"3330","Cooper's Hawk","COHA",242,"Accipiter cooperii","M: 4, 4A, 5 / F: 5, 6, 4A, 5A","M: 4, 4A, 5 / F: 5, 6, 4A, 5A","","Y",""
"3340","Northern Goshawk","NOGO",243,"Accipiter gentilis","M: 6, 7A / F: 7A, 7B","M: 6, 7A / F: 7A, 7B","British Columbia","Y",""
"3350","Harris's Hawk","HRSH",245,"Parabuteo unicinctus","7A, 7B, 6","7A, 7B, 6","","Y",""
"3370","Red-tailed Hawk","RTHA",256,"Buteo jamaicensis","7B, 7D, 7A","7B, 7D, 7A, 7, 8","","Y",""
"3380","Harlan's Hawk","HRLH",257,"Buteo jamaicensis harlani","7B, 7A, 7D","7B, 7A, 7D, 7","","Y",""
"3390","Red-shouldered Hawk","RSHA",247,"Buteo lineatus","6, 5, 7A","6, 5, 7A, 5A","","Y",""
"3400","Zone-tailed Hawk","ZTHA",254,"Buteo albonotatus","7A, 6","7A, 6","","Y",""
"3410","White-tailed Hawk","WTHA",253,"Geranoaetus albicaudatus","7A, 7B","7A, 7B","","Y",""
"3420","Swainson's Hawk","SWHA",252,"Buteo swainsoni","M: 7A, 6 / F: 7A, 7B","M: 7A, 6 / F: 7A, 7B","","Y",""
"3430","Broad-winged Hawk","BWHA",248,"Buteo platypterus","5, 6","5, 6, 5A","","Y",""
"3431","Roadside Hawk","ROHA",246,"Rupornis magnirostris","5","5","","Y",""
"3432","Puerto Rican Broad-winged Hawk","PBWH",249,"Buteo platypterus brunnescens","6","6","Y","",""
"3440","Short-tailed Hawk","STHA",251,"Buteo brachyurus","6","6, 5","","Y",""
"3441","Hawaiian Hawk","HWHA",255,"Buteo solitarius","6, 7A","6, 7A","Y","",""
"3450","Common Black Hawk","CBHA",244,"Buteogallus anthracinus","7A, 6","7A, 6, 7B","","Y",""
"3460","Gray Hawk","GRHA",250,"Buteo plagiatus","6, 7A","6, 7A","","Y",""
"3470","Rough-legged Hawk","RLHA",259,"Buteo lagopus","M: 7A, 7B, 6 / F: 7B, 7A, 7D","M: 7A, 7B, 6, 7 / F: 7B, 7A, 7D, 7","","Y",""
"3480","Ferruginous Hawk","FEHA",258,"Buteo regalis","7D, 8, 7B, 7A","7D, 8, 7B, 7A, 7","Alberta, Manitoba, Saskatchewan","Y",""
"3490","Golden Eagle","GOEA",260,"Aquila chrysaetos","9, 9A, 9C","9, 9A, 9C","","",""
"3520","Bald Eagle","BAEA",238,"Haliaeetus leucocephalus","9, 8A, 9A","9, 8A, 9A, 8","","",""
"3540","Gyrfalcon","GYRF",616,"Falco rusticolus","7B","M: 7B, 7A / F: 7B, 7D","","Y",""
"3550","Prairie Falcon","PRFA",618,"Falco mexicanus","M: 6, 7A, 5 / F: 7A, 7B, 6","M: 6, 7A, 5 / F: 7A, 7B, 6","","Y",""
"3560","Peregrine Falcon","PEFA",617,"Falco peregrinus","M: 6, 7A / F: 7A, 7B","M: 6, 7A, 7B / F: 7A, 7B, 6","","Y",""
"3570","Merlin","MERL",614,"Falco columbarius","M: 3, 3B, 3A / F: 4, 3A, 3B","M: 3, 3B, 3A, 4 / F: 4, 3A, 3B","","Y",""
"3590","Aplomado Falcon","APFA",615,"Falco femoralis","M: 4 / F: 5","M: 4 / F: 5","Y","",""
"3591","Eurasian Kestrel","EUKE",612,"Falco tinnunculus","3B, 4","3B, 4","","Y",""
"3600","American Kestrel","AMKE",613,"Falco sparverius","3B, 3A, 3","3B, 3A, 3","","Y",""
"3620","Crested Caracara","CRCA",610,"Caracara cheriway","7A, 7B","7A, 7B","","Y",""
"3621","Audubon's Crested Caracara","ACCA",611,"Polyborus plancus audubonii","7A, 7B","7A, 7B","Y","",""
"3640","Osprey","OSPR",232,"Pandion haliaetus","8, 7D","8, 7D","","Y",""
"3650","Barn Owl","BNOW",496,"Tyto alba","6, 7A","6, 7A, 7B","British Columbia, Ontario, Québec","",""
"3660","Long-eared Owl","LEOW",517,"Asio otus","6, 5","6, 5, 5A","","",""
"3670","Short-eared Owl","SEOW",518,"Asio flammeus","6","6, 5, 5A, 7A","","",""
"3680","Barred Owl","BDOW",515,"Strix varia","7B, 7D","7B, 7D, 7A, 8","","",""
"3686","Spotted X Barred Owl Hybrid","SBOH",511,"","7B","7B","","",""
"3691","California Spotted Owl","CSOW",512,"Strix occidentalis occidentalis","7B, 7A","7B, 7A, 7D","","",""
"3692","Northern Spotted Owl","NSOW",513,"Strix occidentalis caurina","7B, 7A","7B, 7A, 7D","Y","",""
"3693","Mexican Spotted Owl","MSOW",514,"Strix occidentalis lucida","7B, 7A","7B, 7A","Y","",""
"3700","Great Gray Owl","GGOW",516,"Strix nebulosa","8","8, 7D","","",""
"3710","Boreal Owl","BOOW",519,"Aegolius funereus","5, 6","5, 6, 5A","","",""
"3720","Northern Saw-whet Owl","NSWO",520,"Aegolius acadicus","4, 3A, 4A","4, 3A, 4A","British Columbia","",""
"3730","Eastern Screech-Owl","EASO",500,"Megascops asio","5, 4A, 4","5, 4A, 4, 6","","",""
"3731","Whiskered Screech-Owl","WHSO",501,"Megascops trichopsis","4, 3A","4, 3A, 3B","","",""
"3732","Western Screech-Owl","WESO",499,"Megascops kennicottii","5, 4A, 4","5, 4A, 4","British Columbia","",""
"3734","Puerto Rican Screech-Owl","PRSO",502,"Megascops nudipes","4, 4A","4, 4A, 5","","",""
"3740","Flammulated Owl","FLOW",498,"Psiloscops flammeolus","3, 3B, 2","3, 3B, 2, 3A","","",""
"3750","Great Horned Owl","GHOW",503,"Bubo virginianus","8, 8A, 9, 7D","8, 8A, 9, 7D","","",""
"3760","Snowy Owl","SNOW",504,"Bubo scandiacus","8A, 8, 9","8A, 8, 9","","",""
"3770","Northern Hawk Owl","NHOW",505,"Surnia ulula","7A, 7B","7A, 7B","","",""
"3780","Burrowing Owl","BUOW",509,"Athene cunicularia","4","4, 3A, 4A, 4V","Alberta, British Columbia, Manitoba, Saskatchewan","",""
"3790","Northern Pygmy-Owl","NOPO",506,"Glaucidium gnoma","3, 3B, 3A, 4","3, 3B, 3A, 4","","",""
"3800","Ferruginous Pygmy-Owl","FEPO",507,"Glaucidium brasilianum","3B, 3A, 3","3B, 3A, 3","Y","",""
"3810","Elf Owl","ELOW",508,"Micrathene whitneyi","2, 2A","2, 2A, 3","","",""
"3813","Orange-fronted Parakeet","OFPA",622,"Eupsittula canicularis","3A, 3B","3A, 3B","","",""
"3814","Brown-throated Parakeet","BTPA",623,"Eupsittula pertinax","3, 2","3, 2","","",""
"3815","Blue-crowned Lorikeet","BCLO",619,"Vini australis","2, 3","2, 3","","",""
"3824","Monk Parakeet","MOPA",620,"Myiopsitta monachus","4","4","","",""
"3827","Hispaniolan Parrot","HPRT",627,"Amazona ventralis","6","6","","",""
"3830","Smooth-billed Ani","SBAN",494,"Crotophaga ani","3A, 4","3A, 4","","",""
"3840","Groove-billed Ani","GBAN",495,"Crotophaga sulcirostris","3A, 3B, 3","3A, 3B, 3, 4","","",""
"3850","Greater Roadrunner","GRRO",493,"Geococcyx californianus","5","5, 4, 4A","","",""
"3851","Puerto Rican Lizard-Cuckoo","PRLC",491,"Coccyzus vieilloti","3B, 3, 3A","3B, 3, 3A","","",""
"3860","Mangrove Cuckoo","MACU",489,"Coccyzus minor","2, 3, 3B","2, 3, 3B","","",""
"3870","Yellow-billed Cuckoo","YBCU",487,"Coccyzus americanus","2, 3","2, 3","","",""
"3871","Western Yellow-billed Cuckoo","WYBC",488,"Coccyzus americanus","2, 3","2, 3","Y","",""
"3880","Black-billed Cuckoo","BBCU",490,"Coccyzus erythropthalmus","2, 3","2, 3","","",""
"3890","Elegant Trogon","ELTR",570,"Trogon elegans","3, 2, 1D","3, 2, 1D, 1A","","",""
"3900","Belted Kingfisher","BEKI",578,"Megaceryle alcyon","3A, 3B, 3","3A, 3B, 3, 4","","",""
"3901","Ringed Kingfisher","RIKI",577,"Megaceryle torquata","4","4, 3A, 4A","","",""
"3910","Green Kingfisher","GKIN",579,"Chloroceryle americana","1D, 1A, 2","1D, 1A, 2","","",""
"3912","Puerto Rican Tody","PRTO",573,"Todus mexicanus","X, 0A, 0","X, 0A, 0","","",""
"3930","Hairy Woodpecker","HAWO",596,"Dryobates villosus","1D, 2, 1A","1D, 2, 1A","","",""
"3940","Downy Woodpecker","DOWO",595,"Dryobates pubescens","1B","1B, 1A, 1P","","",""
"3950","Red-cockaded Woodpecker","RCWO",598,"Dryobates borealis","1A","1A, 1B","Y","",""
"3960","Ladder-backed Woodpecker","LBWO",593,"Dryobates scalaris","1A, 1B","1A, 1B","","",""
"3970","Nuttall's Woodpecker","NUWO",594,"Dryobates nuttallii","1A, 1B","1A, 1B","","",""
"3980","Arizona Woodpecker","ARWO",597,"Dryobates arizonae","1A","1A, 1B, 1D","","",""
"3990","White-headed Woodpecker","WHWO",599,"Picoides albolarvatus","1D, 2, 1A","1D, 2, 1A","British Columbia","",""
"4000","Black-backed Woodpecker","BBWO",601,"Picoides arcticus","2","2, 1D","","",""
"4010","American Three-toed Woodpecker","ATTW",600,"Picoides dorsalis","2","2, 1D","","",""
"4020","Yellow-bellied Sapsucker","YBSA",589,"Sphyrapicus varius","1B, 1A","1B, 1A, 1D","","",""
"4021","Red-naped Sapsucker","RNSA",590,"Sphyrapicus nuchalis","1A, 1B","1A, 1B","","",""
"4023","Hybrid Sapsucker","HYSA",592,"","1A, 1B","1A, 1B, 1D","","",""
"4030","Red-breasted Sapsucker","RBSA",591,"Sphyrapicus ruber","1A, 1B, 1D","1A, 1B, 1D, 2","","",""
"4040","Williamson's Sapsucker","WISA",588,"Sphyrapicus thyroideus","1A","1A, 1B, 1D","British Columbia","",""
"4050","Pileated Woodpecker","PIWO",606,"Dryocopus pileatus","4, 3A","4, 3A, 3B, 4A","","",""
"4060","Red-headed Woodpecker","RHWO",582,"Melanerpes erythrocephalus","2, 1D, 2A","2, 1D, 2A","Manitoba, Ontario, Québec, Saskatchewan","",""
"4070","Acorn Woodpecker","ACWO",583,"Melanerpes formicivorus","2, 1D, 2A","2, 1D, 2A, 1A, 3","","",""
"4071","Puerto Rican Woodpecker","PRWO",581,"Melanerpes portoricensis","2, 1D, 2A","2, 1D, 2A, 3","","",""
"4080","Lewis's Woodpecker","LEWO",580,"Melanerpes lewis","3, 2","3, 2","British Columbia","",""
"4090","Red-bellied Woodpecker","RBWO",586,"Melanerpes carolinus","2","2, 2A","","",""
"4092","West Indian Woodpecker","WIWO",587,"Melanerpes superciliaris","3, 2A, 2","3, 2A, 2","","",""
"4100","Golden-fronted Woodpecker","GFWO",585,"Melanerpes aurifrons","2","2","","",""
"4110","Gila Woodpecker","GIWO",584,"Melanerpes uropygialis","2, 3, 2A","2, 3, 2A","","",""
"4120","Yellow-shafted Flicker","YSFL",602,"Colaptes auratus auratus","3, 3B","3, 3B, 2, 3A","","",""
"4123","Flicker Intergrade","FLIN",603,"Colaptes auratus","3, 3B","3, 3B, 2, 3A","","",""
"4130","Red-shafted Flicker","RSFL",604,"Colaptes auratus cafer","3, 3B","3, 3B, 2, 3A","","",""
"4140","Gilded Flicker","GIFL",605,"Colaptes chrysoides","3","3","","",""
"4160","Chuck-will's-widow","CWWI",526,"Antrostomus carolinensis","3","3","","",""
"4161","Buff-collared Nightjar","BCNI",527,"Antrostomus ridgwayi","2","2","","",""
"4170","Eastern Whip-poor-will","EWPW",528,"Antrostomus vociferus","1D, 2, 1A","1D, 2, 1A","Manitoba, New Brunswick, Nova Scotia, Ontario, Québec, Saskatchewan","",""
"4171","Puerto Rican Nightjar","PRNI",530,"Antrostomus noctitherus","1D, 1A, 2","1D, 1A, 2","Y","",""
"4172","Mexican Whip-poor-will","MWPW",529,"Antrostomus arizonae","1D, 1A, 2","1D, 1A, 2","","",""
"4180","Common Poorwill","COPO",525,"Phalaenoptilus nuttallii","1A, 1D, 2","1A, 1D, 2, 1B","","",""
"4190","Common Pauraque","COPA",524,"Nyctidromus albicollis","2, 1D","2, 1D, 1A","","",""
"4200","Common Nighthawk","CONI",522,"Chordeiles minor","1D, 2, 1A","1D, 2, 1A","Alberta, British Columbia, Manitoba, New Brunswick, Newfoundland and Labrador, Nova Scotia, Ontario, Prince Edward Island, Québec, Saskatchewan, Yukon Territory, Northwest Territories, Nunavut","",""
"4210","Lesser Nighthawk","LENI",521,"Chordeiles acutipennis","1D, 1A, 2","1D, 1A, 2","","",""
"4220","Black Swift","BLSW",531,"Cypseloides niger","1A, 1B","1A, 1B","Alberta, British Columbia","",""
"4230","Chimney Swift","CHSW",532,"Chaetura pelagica","1B, 1","1B, 1, 1A","Manitoba, New Brunswick, Nova Scotia, Ontario, Québec, Saskatchewan","",""
"4240","Vaux's Swift","VASW",533,"Chaetura vauxi","1","1","","",""
"4250","White-throated Swift","WTSW",538,"Aeronautes saxatalis","2","2","","",""
"4260","Magnificent Hummingbird","MAHU",545,"Eugenes fulgens","X","X","","",""
"4261","Plain-capped Starthroat","PCST",546,"Heliomaster constantii","X","X","","",""
"4270","Blue-throated Hummingbird","BLUH",547,"Lampornis clemenciae","X","X","","",""
"4271","Green Violetear","GVIO",539,"Colibri thalassinus","X","X","","",""
"4280","Ruby-throated Hummingbird","RTHU",550,"Archilochus colubris","X","X","","",""
"4290","Black-chinned Hummingbird","BCHU",551,"Archilochus alexandri","X","X","","",""
"4300","Costa's Hummingbird","COHU",553,"Calypte costae","X","X","","",""
"4310","Anna's Hummingbird","ANHU",552,"Calypte anna","X","X","","",""
"4320","Broad-tailed Hummingbird","BTLH",555,"Selasphorus platycercus","X","X","","",""
"4330","Rufous Hummingbird","RUHU",556,"Selasphorus rufus","X","X","","",""
"4340","Allen's Hummingbird","ALHU",557,"Selasphorus sasin","X","X","","",""
"4350","Bumblebee Hummingbird","BUHU",554,"Atthis heloisa","X","X","","",""
"4360","Calliope Hummingbird","CAHU",560,"Selasphorus calliope","X","X","","",""
"4361","Jamaican Mango","JAMA",543,"Anthracothorax mango","X","X","","",""
"4362","Green Mango","GRMA",542,"Anthracothorax viridis","X","X","","",""
"4363","Green-throated Carib","GTCA",544,"Eulampis holosericeus","X","X","","",""
"4364","Antillean Crested Hummingbird","ACHU",563,"Orthorhyncus cristatus","X","X","","",""
"4366","Green-breasted Mango","GREM",540,"Anthracothorax prevostii","X","X","","",""
"4370","Lucifer Hummingbird","LUHU",549,"Calothorax lucifer","X","X","","",""
"4371","Bahama Woodstar","BAWO",548,"Nesophlox evelynae","X","X","","",""
"4380","Rufous-tailed Hummingbird","RUFH",565,"Amazilia tzacatl","X","X","","",""
"4381","Berylline Hummingbird","BEHU",564,"Amazilia beryllina","X","X","","",""
"4390","Buff-bellied Hummingbird","BUFH",566,"Amazilia yucatanensis","X","X","","",""
"4391","Violet-crowned Hummingbird","VCHU",567,"Amazilia violiceps","X","X","","",""
"4401","White-eared Hummingbird","WEHU",569,"Hylocharis leucotis","X","X","","",""
"4402","Puerto Rican Emerald","PREM",561,"Chlorostilbon maugaeus","X","X","","",""
"4408","Hybrid Hummingbird","HYHU",558,"","X","X","","",""
"4409","Unidentified Hummingbird","UNHU",559,"","X","X","","",""
"4410","Broad-billed Hummingbird","BBLH",562,"Cynanthus latirostris","X","X","","",""
"4411","Rose-throated Becard","RTBE",686,"Pachyramphus aglaiae","1B, 1A, 1","1B, 1A, 1","","",""
"4420","Fork-tailed Flycatcher","FTFL",685,"Tyrannus savana","1A, 1B, 1","1A, 1B, 1","","",""
"4430","Scissor-tailed Flycatcher","STFL",684,"Tyrannus forficatus","1A","1A, 1B","","",""
"4440","Eastern Kingbird","EAKI",681,"Tyrannus tyrannus","1B","1B, 1A","","",""
"4450","Gray Kingbird","GRAK",682,"Tyrannus dominicensis","1A, 1D, 1B","1A, 1D, 1B, 2","","",""
"4451","Thick-billed Kingbird","TBKI",679,"Tyrannus crassirostris","1A","1A","","",""
"4452","Loggerhead Kingbird","LOKI",683,"Tyrannus caudifasciatus","1A, 1B","1A, 1B","","",""
"4460","Tropical Kingbird","TRKI",676,"Tyrannus melancholicus","1A, 1B, 1D","1A, 1B, 1D","","",""
"4461","Couch's Kingbird","COKI",677,"Tyrannus couchii","1A, 1B","1A, 1B","","",""
"4470","Western Kingbird","WEKI",680,"Tyrannus verticalis","1A, 1B","1A, 1B","","",""
"4480","Cassin's Kingbird","CAKI",678,"Tyrannus vociferans","1A","1A, 1B","","",""
"4490","Great Kiskadee","GKIS",674,"Pitangus sulphuratus","2, 1D","2, 1D, 1A","","",""
"4510","Sulphur-bellied Flycatcher","SBFL",675,"Myiodynastes luteiventris","1B, 1A","1B, 1A","","",""
"4520","Great Crested Flycatcher","GCFL",668,"Myiarchus crinitus","1A, 1B","1A, 1B, 1P","","",""
"4530","Brown-crested Flycatcher","BCFL",669,"Myiarchus tyrannulus","1A","1A, 1B, 1P","","",""
"4531","Nutting's Flycatcher","NUFL",667,"Myiarchus nuttingi","1B","1B","","",""
"4540","Ash-throated Flycatcher","ATFL",666,"Myiarchus cinerascens","1B, 1A, 1","1B, 1A, 1","","",""
"4550","Dusky-capped Flycatcher","DCFL",665,"Myiarchus tuberculifer","1B, 1, 1C","1B, 1, 1C","","",""
"4551","La Sagra's Flycatcher","LSFL",670,"Myiarchus sagrae","1, 1B, 1C","1, 1B, 1C","","",""
"4552","Puerto Rican Flycatcher","PRFL",672,"Myiarchus antillarum","1B, 1A, 1","1B, 1A, 1","","",""
"4553","Stolid Flycatcher","STOF",671,"Myiarchus stolidus","1B","1B, 1, 1A","","",""
"4554","Lesser Antillean Flycatcher","LESF",673,"Myiarchus oberi","1B","1B","","",""
"4560","Eastern Phoebe","EAPH",661,"Sayornis phoebe","0, 1C, 1","0, 1C, 1, 0A","","",""
"4570","Say's Phoebe","SAPH",662,"Sayornis saya","1, 1C","1, 1C, 0, 1B","","",""
"4580","Black Phoebe","BLPH",660,"Sayornis nigricans","1, 1C","1, 1C, 0, 1B","","",""
"4590","Olive-sided Flycatcher","OSFL",637,"Contopus cooperi","1B, 1, 1C","1B, 1, 1C, 1A","Alberta, British Columbia, Manitoba, New Brunswick, Newfoundland and Labrador, Nova Scotia, Ontario, Prince Edward Island, Québec, Saskatchewan, Yukon Territory, Northwest Territories","",""
"4600","Greater Pewee","GRPE",638,"Contopus pertinax","1B, 1","1B, 1","","",""
"4610","Eastern Wood-Pewee","EAWP",640,"Contopus virens","0A, 0, 1C, 1","0A, 0, 1C, 1","","",""
"4620","Western Wood-Pewee","WEWP",639,"Contopus sordidulus","0A, 0, 1C, 1","0A, 0, 1C, 1","","",""
"4621","Cuban Pewee","CUPE",641,"Contopus caribaeus","0, 0A, 1","0, 0A, 1","","",""
"4622","Lesser Antillean Pewee","LAPE",644,"Contopus latirostris","0, 0A, 1C","0, 0A, 1C, 1","","",""
"4623","Jamaican Pewee","JAPE",642,"Contopus pallidus","0, 1C, 1","0, 1C, 1","","",""
"4624","Hispaniolan Pewee","HIPE",643,"Contopus hispaniolensis","0, 1C, 1","0, 1C, 1","","",""
"4630","Yellow-bellied Flycatcher","YBFL",645,"Empidonax flaviventris","0A, 0","0A, 0, 1C","","",""
"4640","Cordilleran Flycatcher","COFL",657,"Empidonax occidentalis","0A, 0","0A, 0, 1C","","",""
"4641","Pacific-slope Flycatcher","PSFL",655,"Empidonax difficilis","0A, 0","0A, 0, 1C","","",""
"4649","Western Flycatcher","WEFL",656,"","0A, 0","0A, 0, 1C","","",""
"4650","Acadian Flycatcher","ACFL",646,"Empidonax virescens","0A, 0","0A, 0, 1C","Ontario","",""
"4660","Willow Flycatcher","WIFL",649,"Empidonax traillii","0A, 0","0A, 0, 1C","","",""
"4661","Alder Flycatcher","ALFL",647,"Empidonax alnorum","0A, 0","0A, 0, 1C","","",""
"4664","Southwestern Willow Flycatcher","SWFL",650,"Empidonax traillii extimus","0, 0A","0, 0A, 1C","Y","",""
"4669","Traill's Flycatcher","TRFL",648,"","0A, 0","0A, 0, 1, 1C","","",""
"4670","Least Flycatcher","LEFL",651,"Empidonax minimus","0A, 0","0A, 0, 1C","","",""
"4679","Unidentified Empidonax","UNEM",659,"","0A, 0","0A, 0","","",""
"4680","Hammond's Flycatcher","HAFL",652,"Empidonax hammondii","0A, 0","0A, 0, 1C","","",""
"4690","Dusky Flycatcher","DUFL",654,"Empidonax oberholseri","0A, 0","0A, 0, 1C","","",""
"4691","Gray Flycatcher","GRFL",653,"Empidonax wrightii","0A, 0","0A, 0, 1C","","",""
"4700","Buff-breasted Flycatcher","BBFL",658,"Empidonax fulvifrons","0A, 0","0A, 0, 1C","","",""
"4710","Vermilion Flycatcher","VEFL",663,"Pyrocephalus rubinus","0, 0A, 1C, 1","0, 0A, 1C, 1","","",""
"4711","Greenish Elaenia","GREL",633,"Myiopagis viridicata","0A, 0","0A, 0","","",""
"4720","Northern Beardless-Tyrannulet","NBTY",631,"Camptostoma imberbe","0A, 0","0A, 0","","",""
"4721","Caribbean Elaenia","CAEL",634,"Elaenia martinica","1, 1C, 0, 1B","1, 1C, 0, 1B","","",""
"4730","Eurasian Skylark","EUSK",745,"Alauda arvensis","1B","1B","","",""
"4740","Horned Lark","HOLA",746,"Eremophila alpestris","1B","1B, 1, 1A","British Columbia","",""
"4741","Streaked Horned Lark","SHLA",747,"Eremophila alpestris strigata","1B","1B","Y","",""
"4750","Black-billed Magpie","BBMA",730,"Pica hudsonia","4, 3A, 3B","4, 3A, 3B, 3, 4A","","",""
"4760","Yellow-billed Magpie","YBMA",731,"Pica nuttalli","3A","3A, 3B, 4","","",""
"4770","Blue Jay","BLJA",722,"Cyanocitta cristata","2, 3, 2A","2, 3, 2A, 3B","","",""
"4780","Steller's Jay","STJA",721,"Cyanocitta stelleri","3, 2, 3B","3, 2, 3B, 3A","","",""
"4790","Florida Scrub-Jay","FLSJ",723,"Aphelocoma coerulescens","3, 2, 2A","3, 2, 2A","Y","",""
"4810","Western Scrub-Jay","WESJ",726,"Aphelocoma californica","3, 2, 2A","3, 2, 2A, 3B","","",""
"4811","Island Scrub-Jay","ISSJ",725,"Aphelocoma insularis","3, 3B","3, 3B, 3A","","",""
"4812","Woodhouse's Scrub-Jay","WOSJ",727,"Aphelocoma woodhouseii","3, 2, 2A","3, 2, 2A, 3B","","",""
"4813","California Scrub-Jay","CASJ",724,"Aphelocoma californica","3, 2, 2A","3, 2, 2A","","",""
"4820","Mexican Jay","MEJA",728,"Aphelocoma wollweberi","3A, 3B","3A, 3B, 3","","",""
"4830","Green Jay","GREJ",719,"Cyanocorax yncas","2, 2A, 3","2, 2A, 3","","",""
"4832","Brown Jay","BRJA",718,"Psilorhinus morio","4A, 4, 3A","4A, 4, 3A","","",""
"4840","Canada Jay","CAJA",717,"Perisoreus canadensis","3, 2, 2A","3, 2, 2A","","",""
"4860","Common Raven","CORA",741,"Corvus corax","7A, 6, 7","7A, 6, 7, 7B","","",""
"4870","Chihuahuan Raven","CHRA",740,"Corvus cryptoleucus","5, 5A","5, 5A, 6","","",""
"4880","American Crow","AMCR",733,"Corvus brachyrhynchos","5, 5A","5, 5A, 6","","",""
"4890","Northwestern Crow","NOCR",734,"Corvus caurinus","4A, 4","4A, 4, 5","","",""
"4892","Hawaiian Crow","HCRO",739,"Corvus hawaiiensis","6","6","Y","",""
"4900","Fish Crow","FICR",738,"Corvus ossifragus","4A, 4","4A, 4, 5","","",""
"4910","Clark's Nutcracker","CLNU",729,"Nucifraga columbiana","3, 3B, 3A","3, 3B, 3A","","",""
"4920","Pinyon Jay","PIJA",720,"Gymnorhinus cyanocephalus","3, 2, 2A","3, 2, 2A, 3A","","",""
"4930","European Starling","EUST",874,"Sturnus vulgaris","2, 3, 2A","2, 3, 2A","","",""
"4931","Crested Myna","CRMY",875,"Acridotheres cristatellus","3, 2","3, 2","","",""
"4932","Common Myna","COMY",878,"Acridotheres tristis","3A, 3B, 3","3A, 3B, 3, 4","","",""
"4934","Hill Myna","HIMY",879,"Gracula religiosa","3","3","","",""
"4935","Jungle Myna","JUMY",877,"Acridotheres fuscus","3B, 3","3B, 3","","",""
"4940","Bobolink","BOBO",1083,"Dolichonyx oryzivorus","M: 1A, 1B / F: 1B, 1A","M: 1A, 1B / F: 1B, 1A","Alberta, British Columbia, Manitoba, New Brunswick, Newfoundland and Labrador, Nova Scotia, Ontario, Prince Edward Island, Québec, Saskatchewan","",""
"4950","Brown-headed Cowbird","BHCO",1099,"Molothrus ater","M: 1A, 1D, 2, 1B / F: 1B, 1A, 1D","M: 1A, 1D, 2, 1B / F: 1B, 1A, 1D","","",""
"4960","Bronzed Cowbird","BROC",1098,"Molothrus aeneus","M: 2, 1D / F: 1A, 1D","M: 2, 1D, 1A / F: 1A, 1D, 2","","",""
"4961","Shiny Cowbird","SHCO",1097,"Molothrus bonariensis","2, 1D, 1A","2, 1D, 1A","","",""
"4970","Yellow-headed Blackbird","YHBL",1090,"Xanthocephalus xanthocephalus","M: 2, 3, 1D / F: 1A, 1D, 2","M: 2, 3, 1D / F: 1A, 1D, 2","","",""
"4980","Red-winged Blackbird","RWBL",1084,"Agelaius phoeniceus","M: 2, 1D / F: 1A, 1D","M: 2, 1D, 1A, 3 / F: 1A, 1D, 1B, 2","","",""
"5000","Tricolored Blackbird","TRBL",1085,"Agelaius tricolor","2, 2A, 1D","2, 2A, 1D","","",""
"5001","Tawny-shouldered Blackbird","TSBL",1086,"Agelaius humeralis","1B, 1A","1B, 1A","","",""
"5002","Yellow-shouldered Blackbird","YSBL",1087,"Agelaius xanthomus","2","2","Y","",""
"5010","Eastern Meadowlark","EAME",1088,"Sturnella magna","M: 3 / F: 2, 3","M: 3 / F: 2, 3","New Brunswick, Nova Scotia, Ontario, Québec","",""
"5011","Western Meadowlark","WEME",1089,"Sturnella neglecta","M: 3 / F: 2, 3","M: 3 / F: 2, 3","","",""
"5030","Audubon's Oriole","AUOR",1115,"Icterus graduacauda","2","2","","",""
"5031","Altamira Oriole","ALOR",1114,"Icterus gularis","3","3, 2","","",""
"5032","Spot-breasted Oriole","SPOO",1113,"Icterus pectoralis","2","2","","",""
"5040","Scott's Oriole","SCOR",1117,"Icterus parisorum","1A","1A","","",""
"5041","Black-vented Oriole","BVOR",1104,"Icterus wagleri","2","2","","",""
"5042","Black-cowled Oriole","BCOR",1105,"Icterus prosthemelas","1A, 1D, 2","1A, 1D, 2","","",""
"5043","Cuban Oriole","CUOR",1101,"Icterus melanopsis","1A, 1D, 2","1A, 1D, 2","","",""
"5044","Bahama Oriole","BAHO",1100,"Icterus northropi","1A, 1D, 2","1A, 1D, 2","","",""
"5045","Puerto Rican Oriole","PROR",1103,"Icterus portoricensis","1A, 1D, 2","1A, 1D, 2","","",""
"5046","Hispaniolan Oriole","HIOR",1102,"Icterus dominicensis","1A, 1D, 2","1A, 1D, 2","","",""
"5050","Hooded Oriole","HOOR",1107,"Icterus cucullatus","1A, 1B","1A, 1B, 1D","","",""
"5051","Streak-backed Oriole","STRO",1109,"Icterus pustulatus","1A","1A, 1P","","",""
"5060","Orchard Oriole","OROR",1106,"Icterus spurius","1B","1B, 1A","","",""
"5070","Baltimore Oriole","BAOR",1116,"Icterus galbula","1A, 1B, 1D","1A, 1B, 1D, 2","","",""
"5078","Baltimore X Bullock's Oriole Hybrid","BBOH",1111,"","1A","1A","","",""
"5080","Bullock's Oriole","BUOR",1110,"Icterus bullockii","1A, 1B, 1D","1A, 1B, 1D, 2","","",""
"5090","Rusty Blackbird","RUBL",1091,"Euphagus carolinus","2, 1D","M: 2, 1D / F: 2, 1D, 1A","","",""
"5100","Brewer's Blackbird","BRBL",1092,"Euphagus cyanocephalus","2, 1D","2, 1D, 1A","","",""
"5110","Common Grackle","COGR",1093,"Quiscalus quiscula","M: 3, 3B / F: 3, 2A","M: 3, 3B, 2A, 3A / F: 3, 2A, 2, 3A, 3B","","",""
"5120","Great-tailed Grackle","GTGR",1095,"Quiscalus mexicanus","M: 4, 3A / F: 3, 3B","M: 4, 3A / F: 3, 3B","","",""
"5130","Boat-tailed Grackle","BTGR",1094,"Quiscalus major","M: 4, 3A / F: 3, 3B","M: 4, 3A / F: 3, 3B","","",""
"5131","Greater Antillean Grackle","GAGR",1096,"Quiscalus niger","3, 2","3, 2, 3B","","",""
"5140","Evening Grosbeak","EVGR",1169,"Coccothraustes vespertinus","1A, 2, 1D","1A, 2, 1D, 1B","","",""
"5141","Brambling","BRAM",1119,"Fringilla montifringilla","1B, 1, 1C","1B, 1, 1C","","",""
"5150","Pine Grosbeak","PIGR",1125,"Pinicola enucleator","1A, 1D","1A, 1D, 1B, 2","","",""
"5161","Common Rosefinch","CORO",1150,"Carpodacus erythrinus","1B, 1, 1C","1B, 1, 1C","","",""
"5170","Purple Finch","PUFI",1152,"Haemorhous purpureus","1, 1C, 1B","1, 1C, 1B","","",""
"5180","Cassin's Finch","CAFI",1153,"Haemorhous cassinii","1B, 1, 1C","1B, 1, 1C, 1A","","",""
"5190","House Finch","HOFI",1151,"Haemorhous mexicanus","1B, 1, 1C","1B, 1, 1C, 0","","",""
"5210","Red Crossbill","RECR",1154,"Loxia curvirostra","1B, 1A","1B, 1A, 1D","Newfoundland and Labrador, Québec","",""
"5220","White-winged Crossbill","WWCR",1156,"Loxia leucoptera","1B","1B","","",""
"5240","Gray-crowned Rosy-Finch","GCRF",1122,"Leucosticte tephrocotis","1B, 1A, 1","1B, 1A, 1","","",""
"5250","Black Rosy-Finch","BLRF",1123,"Leucosticte atrata","1B, 1A, 1","1B, 1A, 1","","",""
"5260","Brown-capped Rosy-Finch","BCRF",1124,"Leucosticte australis","1B, 1A, 1","1B, 1A, 1","","",""
"5261","European Goldfinch","EUGO",1165,"Carduelis carduelis","0","0","","",""
"5270","Hoary Redpoll","HORE",1158,"Acanthis hornemanni","0, 0A","0, 0A, 1, 1C","","",""
"5276","Unidentified Common/Hoary Redpoll","UNRE",1159,"","0","0","","",""
"5280","Common Redpoll","CORE",1157,"Acanthis flammea","0, 0A","0, 0A, 1, 1C","","",""
"5290","American Goldfinch","AMGO",1164,"Spinus tristis","0, 0A, 1C, 1","0, 0A, 1C, 1","","",""
"5300","Lesser Goldfinch","LEGO",1162,"Spinus psaltria","0A, 0","0A, 0, 1, 1C","","",""
"5310","Lawrence's Goldfinch","LAGO",1163,"Spinus lawrencei","0, 0A, 1C, 1","0, 0A, 1C, 1","","",""
"5330","Pine Siskin","PISI",1160,"Spinus pinus","0, 0A","0, 0A, 1, 1C","","",""
"5331","Common Canary","COCA",1168,"Serinus canaria","1, 1C","1, 1C","","",""
"5332","Yellow-fronted Canary","YFCA",1167,"Crithagra mozambica","0, 1","0, 1, 0A","","",""
"5340","Snow Bunting","SNBU",900,"Plectrophenax nivalis","1A, 1B","1A, 1B, 1","","",""
"5350","McKay's Bunting","MKBU",901,"Plectrophenax hyperboreus","1B, 1A","1B, 1A","","",""
"5351","Rustic Bunting","RUBU",1061,"Emberiza rustica","1, 1C","1, 1C, 1B","","",""
"5360","Lapland Longspur","LALO",896,"Calcarius lapponicus","1, 1B","1, 1B, 1C","","",""
"5370","Smith's Longspur","SMLO",898,"Calcarius pictus","1, 1C","1, 1C, 1B","","",""
"5380","Chestnut-collared Longspur","CCLO",897,"Calcarius ornatus","1, 1C","1, 1C, 1B","Alberta, Manitoba, Saskatchewan","",""
"5390","McCown's Longspur","MCLO",899,"Rhynchophanes mccownii","1, 1C","1, 1C, 1B","Alberta, Saskatchewan","",""
"5400","Vesper Sparrow","VESP",1015,"Pooecetes gramineus","1B, 1, 1C","1B, 1, 1C, 1A","British Columbia","",""
"5410","Ipswich Sparrow","IPSP",1025,"Passerculus sandwichensis princeps","1B, 1","1B, 1","","",""
"5420","Savannah Sparrow","SAVS",1024,"Passerculus sandwichensis","1, 1C, 0","1, 1C, 0, 1B","","",""
"5430","Belding's Savannah Sparrow","BSSP",1026,"Passerculus sandwichensis beldingi","1, 1C","1, 1C","","",""
"5440","Large-billed Sparrow","LBSP",1027,"Passerculus sandwichensis rostratus","1, 1C","1, 1C","","",""
"5450","Baird's Sparrow","BAIS",1030,"Centronyx bairdii","1, 1C","1, 1C, 0","","",""
"5460","Grasshopper Sparrow","GRSP",1028,"Ammodramus savannarum","1, 1C, 0","1, 1C, 0, 0A","","",""
"5464","Florida Grasshopper Sparrow","FGSP",1029,"Ammodramus savannarum floridanus","1, 1C, 0","1, 1C, 0, 0A","Y","",""
"5470","Henslow's Sparrow","HESP",1031,"Ammodramus henslowii","0, 1C, 1","0, 1C, 1, 0A","Ontario, Québec","",""
"5480","LeConte's Sparrow","LCSP",1032,"Ammodramus leconteii","1, 1C, 0","1, 1C, 0","","",""
"5490","Saltmarsh Sparrow","SALS",1034,"Ammodramus caudacuta","1, 1B, 1C","1, 1B, 1C, 0","","",""
"5491","Nelson's Sparrow","NESP",1033,"Ammospiza nelsoni","1, 1B, 1C","1, 1B, 1C, 0","","",""
"5499","Unidentified Sharp-tailed Sparrow","STSP",1035,"","1, 1B, 1C","1, 1B, 1C, 0","","",""
"5500","Seaside Sparrow","SESP",1036,"Ammodramus maritima","1B","1B, 1, 1A","","",""
"5510","Dusky Seaside Sparrow","DSSP",1037,"Ammodramus maritima nigrescens","1B","1B","","",""
"5511","Cape Sable Seaside Sparrow","CSSS",1038,"Ammodramus maritimus mirabilis","1B","1B","Y","",""
"5520","Lark Sparrow","LASP",1016,"Chondestes grammacus","1B","1B, 1, 1A, 1P","","",""
"5530","Harris's Sparrow","HASP",1045,"Zonotrichia querula","1A","1A, 1B, 1D","","",""
"5540","White-crowned Sparrow","WCSP",1046,"Zonotrichia leucophrys","1B","1B, 1, 1A, 1P","","",""
"5541","Eastern White-crowned Sparrow","EWCS",1047,"Zonotrichia leucophrys leucophrys","1B","1B, 1, 1A","","",""
"5546","Mountain White-crowned Sparrow","MWCS",1048,"Zonotrichia leucophrys oriantha","1B","1B, 1, 1A, 1P","","",""
"5547","Puget Sound White-crowned Sparrow","PSWS",1049,"Zonotrichia leucophrys pugetensis","1B","1B, 1, 1A","","",""
"5550","Gambel's White-crowned Sparrow","GWCS",1050,"Zonotrichia leucophrys gambelii","1B","1B, 1, 1A, 1P","","",""
"5560","Nuttall's White-crowned Sparrow","NWCS",1051,"Zonotrichia leucophrys nuttalli","1B","1B, 1, 1A","","",""
"5570","Golden-crowned Sparrow","GCSP",1052,"Zonotrichia atricapilla","1B, 1A","1B, 1A, 1","","",""
"5580","White-throated Sparrow","WTSP",1044,"Zonotrichia albicollis","1B","1B, 1, 1A, 1P","","",""
"5581","Rufous-collared Sparrow","RUFS",1043,"Zonotrichia capensis","1, 1B","1, 1B","","",""
"5586","Zonotrichia Sparrow Hybrid","ZSHY",1054,"","1B","1B, 1A, 1P","","",""
"5590","American Tree Sparrow","ATSP",1008,"Spizelloides arborea","1, 0, 1C","1, 0, 1C","","",""
"5600","Chipping Sparrow","CHSP",1009,"Spizella passerina","0, 0A, 1C, 1","0, 0A, 1C, 1","","",""
"5610","Clay-colored Sparrow","CCSP",1010,"Spizella pallida","0, 0A, 1C, 1","0, 0A, 1C, 1","","",""
"5620","Brewer's Sparrow","BRSP",1011,"Spizella breweri","0, 1C, 0A, 1","0, 1C, 0A, 1","","",""
"5630","Field Sparrow","FISP",1012,"Spizella pusilla","0, 0A, 1C, 1","0, 0A, 1C, 1","","",""
"5640","Worthen's Sparrow","WOSP",1013,"Spizella wortheni","0, 0A","0, 0A","","",""
"5650","Black-chinned Sparrow","BCSP",1014,"Spizella atrogularis","0, 1C, 1","0, 1C, 1, 0A","","",""
"5660","White-winged Junco","WWJU",1053,"Junco hyemalis aikeni","1, 0, 1C","1, 0, 1C","","",""
"5670","Slate-colored Junco","SCJU",1055,"Junco hyemalis hyemalis","0, 1C, 1","0, 1C, 1, 0A","","",""
"5671","Oregon Junco","ORJU",1056,"Junco hyemalis oreganus","0, 1C, 1","0, 1C, 1, 0A","","",""
"5677","Unidentified Dark-eyed Junco","UDEJ",1057,"Junco hyemalis","0, 1C, 1","0, 1C, 1, 0A","","",""
"5690","Gray-headed Junco","GHJU",1058,"Junco hyemalis caniceps","1, 0, 1C","1, 0, 1C","","",""
"5700","Yellow-eyed Junco","YEJU",1059,"Junco phaeonotus","1, 1C, 0","1, 1C, 0","","",""
"5730","Black-throated Sparrow","BTSP",1018,"Amphispiza bilineata","0, 1C, 1","0, 1C, 1","","",""
"5740","Unspecified Sage Sparrow","USSP",1020,"","1, 1C","1, 1C, 0","","",""
"5741","San Clemente Bell's Sparrow","SCBS",1021,"Artemisiospiza belli belli","1","1","Y","",""
"5742","Five-striped Sparrow","FSSP",1017,"Amphispiza quinquestriata","1B","1B","","",""
"5743","Sagebrush Sparrow","SBSP",1019,"Artemisiospiza nevadensis","1, 1C","1, 1C, 0, 1B","","",""
"5744","Bell's Sparrow","BESP",1022,"Artemisiospiza belli","1, 1C","1, 1C","","",""
"5750","Bachman's Sparrow","BACS",1007,"Peucaea aestivalis","1, 1C","1, 1C, 1B","","",""
"5760","Botteri's Sparrow","BOSP",1005,"Peucaea botterii","1, 1C","1, 1C, 1B","","",""
"5780","Cassin's Sparrow","CASP",1006,"Peucaea cassinii","1, 1C","1, 1C, 1B","","",""
"5790","Rufous-winged Sparrow","RWSP",1004,"Peucaea carpalis","0, 1C, 1","0, 1C, 1","","",""
"5800","Rufous-crowned Sparrow","RCSP",1000,"Aimophila ruficeps","1, 1C, 1B","1, 1C, 1B","","",""
"5810","Song Sparrow","SOSP",1040,"Melospiza melodia","1B, 1, 1C","1B, 1, 1C, 1A, 1P","","",""
"5830","Lincoln's Sparrow","LISP",1041,"Melospiza lincolnii","1, 0, 1C","1, 0, 1C, 1B","","",""
"5840","Swamp Sparrow","SWSP",1042,"Melospiza georgiana","1, 1C, 0","1, 1C, 0, 1B","","",""
"5850","Fox Sparrow","FOSP",1039,"Passerella iliaca","1A, 1B","1A, 1B, 1D","","",""
"5860","Olive Sparrow","OLSP",993,"Arremonops rufivirgatus","1B, 1, 1C","1B, 1, 1C","","",""
"5861","Saffron Finch","SAFI",992,"Sicalis flaveola","1B, 1","1B, 1","","",""
"5870","Eastern Towhee","EATO",996,"Pipilo erythrophthalmus","M: 2, 1D, 1A / F: 1A, 1D, 2","M: 2, 1D, 1A / F: 1A, 1D, 2","","",""
"5876","Unidentified Rufous-sided Towhee","URST",997,"","2, 1A, 1D","2, 1A, 1D","","",""
"5880","Spotted Towhee","SPTO",995,"Pipilo maculatus","M: 1D, 2, 1A / F: 1D, 1A, 2","M: 1D, 2, 1A / F: 1D, 1A, 2, 1B","","",""
"5900","Green-tailed Towhee","GTTO",994,"Pipilo chlorurus","1A, 1B, 1D","1A, 1B, 1D, 1P, 2","","",""
"5910","Canyon Towhee","CANT",1001,"Melozone fusca","1A, 1D, 2","1A, 1D, 2","","",""
"5911","California Towhee","CALT",1002,"Melozone crissalis","2, 1A, 1D","2, 1A, 1D","","",""
"5912","Inyo California Towhee","ICTO",999,"Melozone crissalis eremophilus","1D, 2, 1A","1D, 2, 1A","Y","",""
"5920","Abert's Towhee","ABTO",1003,"Melozone aberti","1A, 2, 1D","1A, 2, 1D","","",""
"5922","Red-crested Cardinal","RCCA",974,"Paroaria coronata","1A, 1D, 2","1A, 1D, 2","","",""
"5923","Yellow-billed Cardinal","YBCA",975,"Paroaria capitata","1A, 1D","1A, 1D, 1B","","",""
"5930","Northern Cardinal","NOCA",1070,"Cardinalis cardinalis","1A, 2, 1D","1A, 2, 1D, 1B","","",""
"5940","Pyrrhuloxia","PYRR",1071,"Cardinalis sinuatus","1A, 1D","1A, 1D","","",""
"5950","Rose-breasted Grosbeak","RBGR",1073,"Pheucticus ludovicianus","1A, 1D, 2","1A, 1D, 2, 1B, 1P","","",""
"5960","Black-headed Grosbeak","BHGR",1074,"Pheucticus melanocephalus","1A, 1D, 2","1A, 1D, 2, 1B, 1P","","",""
"5970","Blue Grosbeak","BLGR",1076,"Passerina caerulea","1B, 1A","1B, 1A","","",""
"5971","Blue Bunting","BLBU",1075,"Cyanocompsa parellina","1, 1C","1, 1C, 0","","",""
"5980","Indigo Bunting","INBU",1079,"Passerina cyanea","1, 1C, 0","1, 1C, 0","","",""
"5986","Indigo X Lazuli Bunting Hybrid","ILBH",1078,"","1, 1C","1, 1C","","",""
"5990","Lazuli Bunting","LAZB",1077,"Passerina amoena","1, 1C, 0","1, 1C, 0","","",""
"6000","Varied Bunting","VABU",1080,"Passerina versicolor","1, 1C","1, 1C, 0","","",""
"6010","Painted Bunting","PABU",1081,"Passerina ciris","1, 1C","1, 1C, 0","","",""
"6020","White-collared Seedeater","WCSE",982,"Sporophila torqueola","0, 0A","0, 0A","","",""
"6021","Puerto Rican Bullfinch","PUEB",988,"Melopyrrha portoricensis","1A, 1B","1A, 1B, 2","","",""
"6022","Lesser Antillean Bullfinch","LESB",990,"Loxigilla noctis","1, 1B","1, 1B, 1A","","",""
"6030","Black-faced Grassquit","BFGR",986,"Melanospiza bicolor","0, 0A, 1C, 1","0, 0A, 1C, 1","","",""
"6031","Cuban Grassquit","CUGR",984,"Phonipara canora","0A, 0","0A, 0","","",""
"6032","Yellow-faced Grassquit","YFGR",985,"Tiaris olivaceus","0, 0A, 1C","0, 0A, 1C","","",""
"6040","Dickcissel","DICK",1082,"Spiza americana","1B","1B, 1, 1A","","",""
"6050","Lark Bunting","LARB",1023,"Calamospiza melanocorys","1A","1A, 1B","Alberta, Manitoba, Saskatchewan","",""
"6061","Antillean Euphonia","ANEU",1121,"Euphonia musica","0, 1C, 1","0, 1C, 1","","",""
"6070","Western Tanager","WETA",1068,"Piranga ludoviciana","1B","1B, 1A, 1P","","",""
"6071","Flame-colored Tanager","FCTA",1069,"Piranga bidentata","1A, 1B","1A, 1B, 1P","","",""
"6080","Scarlet Tanager","SCTA",1067,"Piranga olivacea","1B","1B, 1A, 1P","","",""
"6090","Hepatic Tanager","HETA",1065,"Piranga flava","1A","1A, 1B, 2","","",""
"6100","Summer Tanager","SUTA",1066,"Piranga rubra","1A, 1B","1A, 1B, 1P","","",""
"6101","Western Spindalis","WESP",977,"Spindalis zena","1B, 1A","1B, 1A","","",""
"6102","Puerto Rican Tanager","PRTA",976,"Nesospingus speculiferus","1A, 1B","1A, 1B","","",""
"6103","Hispaniolan Spindalis","HISP",978,"Spindalis dominicensis","1B, 1A","1B, 1A","","",""
"6104","Puerto Rican Spindalis","PRSP",979,"Spindalis portoricensis","1B, 1A","1B, 1A","","",""
"6105","Jamaican Spindalis","JAMS",980,"Spindalis nigricephala","1B, 1A","1B, 1A","","",""
"6110","Purple Martin","PUMA",748,"Progne subis","1D, 1A, 2","1D, 1A, 2","","",""
"6112","Gray-breasted Martin","GBMA",750,"Progne chalybea","1A","1A","","",""
"6113","Caribbean Martin","CAMA",749,"Progne dominicensis","1A","1A","","",""
"6120","Cliff Swallow","CLSW",756,"Petrochelidon pyrrhonota","1, 1C","1, 1C, 0","","",""
"6121","Cave Swallow","CASW",757,"Petrochelidon fulva","1, 1C","1, 1C","","",""
"6130","Barn Swallow","BARS",758,"Hirundo rustica","1, 0","1, 0, 0A, 1C","Alberta, British Columbia, Manitoba, New Brunswick, Newfoundland and Labrador, Nova Scotia, Ontario, Prince Edward Island, Québec, Saskatchewan, Yukon Territory, Northwest Territories","",""
"6140","Tree Swallow","TRES",751,"Tachycineta bicolor","1, 0, 1C","1, 0, 1C, 0A","","",""
"6150","Violet-green Swallow","VGSW",752,"Tachycineta thalassina","1, 0, 1C","1, 0, 1C, 0A","","",""
"6151","Bahama Swallow","BAHS",753,"Tachycineta cyaneoviridis","0, 1, 1C","0, 1, 1C","","",""
"6160","Bank Swallow","BANS",755,"Riparia riparia","0, 1C, 1, 0A","0, 1C, 1, 0A","Alberta, British Columbia, Manitoba, New Brunswick, Newfoundland and Labrador, Nova Scotia, Ontario, Prince Edward Island, Québec, Saskatchewan, Yukon Territory, Northwest Territories","",""
"6170","Northern Rough-winged Swallow","NRWS",754,"Stelgidopteryx serripennis","0, 1C, 1, 0A","0, 1C, 1, 0A","","",""
"6180","Bohemian Waxwing","BOWA",890,"Bombycilla garrulus","1A","1A, 1B, 1D","","",""
"6190","Cedar Waxwing","CEDW",891,"Bombycilla cedrorum","1B","1B, 1A","","",""
"6200","Phainopepla","PHAI",894,"Phainopepla nitens","1B","1B, 1, 1A","","",""
"6210","Northern Shrike","NSHR",693,"Lanius borealis","2, 1D","2, 1D","","",""
"6211","Brown Shrike","BRSH",690,"Lanius cristatus","1B, 1A","1B, 1A","","",""
"6220","Loggerhead Shrike","LOSH",691,"Lanius ludovicianus","1D, 1A, 2","1D, 1A, 2","Alberta, Manitoba, Ontario, Québec, Saskatchewan","",""
"6226","Japanese White-eye","JAWE",807,"Zosterops japonicus","0A, 0","0A, 0, 1","","",""
"6227","San Clemente Loggerhead Shrike","SLSH",692,"Lanius ludovicianus mearnsi","1D, 1A, 2","1D, 1A, 2","Y","",""
"6230","Black-whiskered Vireo","BWVI",712,"Vireo altiloquus","1, 1C","1, 1C","","",""
"6240","Red-eyed Vireo","REVI",710,"Vireo olivaceus","1C, 1, 0","1C, 1, 0, 1B","","",""
"6250","Yellow-green Vireo","YGVI",711,"Vireo flavoviridis","1, 1C, 0","1, 1C, 0","","",""
"6260","Philadelphia Vireo","PHVI",709,"Vireo philadelphicus","0, 0A","0, 0A, 1, 1C","","",""
"6270","Warbling Vireo","WAVI",708,"Vireo gilvus","0, 1C, 1","0, 1C, 1, 0A","","",""
"6280","Yellow-throated Vireo","YTVI",702,"Vireo flavifrons","1C, 1","1C, 1, 0","","",""
"6290","Blue-headed Vireo","BHVI",705,"Vireo solitarius","1C, 1, 0","1C, 1, 0","","",""
"6291","Plumbeous Vireo","PLVI",703,"Vireo plumbeus","1C, 1, 0","1C, 1, 0","","",""
"6292","Cassin's Vireo","CAVI",704,"Vireo cassinii","1C, 1, 0","1C, 1, 0","","",""
"6299","Solitary Vireo","SOVI",706,"","1C, 1, 0","1C, 1, 0","","",""
"6300","Black-capped Vireo","BCVI",700,"Vireo atricapilla","0, 1C, 0A, 1","0, 1C, 0A, 1","","",""
"6310","White-eyed Vireo","WEVI",694,"Vireo griseus","0, 0A","0, 0A, 1, 1C","","",""
"6320","Hutton's Vireo","HUVI",707,"Vireo huttoni","0","0, 0A, 1C","","",""
"6330","Bell's Vireo","BEVI",698,"Vireo bellii","0","0, 0A, 1, 1C","","",""
"6331","Puerto Rican Vireo","PRVI",697,"Vireo latimeri","0, 1, 1C","0, 1, 1C","","",""
"6334","Least Bell's Vireo","LBVI",699,"Vireo bellii pusillus","0, 0A","0, 0A","Y","",""
"6340","Gray Vireo","GRVI",701,"Vireo vicinior","1, 1C","1, 1C, 0","","",""
"6350","Bananaquit","BANA",973,"Coereba flaveola","0, 0A, 1C, 1","0, 0A, 1C, 1","","",""
"6360","Black-and-white Warbler","BAWW",911,"Mniotilta varia","0, 0A, 1C, 1","0, 0A, 1C, 1","","",""
"6366","Hybrid Warbler","HYWA",972,"","0, 0A, 1","0, 0A, 1","","",""
"6370","Prothonotary Warbler","PROW",912,"Protonotaria citrea","0","0, 0A, 1, 1C","Ontario","",""
"6380","Swainson's Warbler","SWWA",913,"Limnothlypis swainsonii","1, 1C, 0","1, 1C, 0, 0A","","",""
"6390","Worm-eating Warbler","WEWA",903,"Helmitheros vermivorum","1C, 0, 1","1C, 0, 1, 0A","","",""
"6410","Blue-winged Warbler","BWWA",907,"Vermivora cyanoptera","0A, 0","0A, 0","","",""
"6412","Brewster's Warbler","BRWA",908,"","0A, 0","0A, 0","","",""
"6413","Lawrence's Warbler","LAWA",909,"","0A, 0","0A, 0","","",""
"6416","Golden-winged x Blue-winged Warbler Hybrid","GBWH",910,"","0A, 0","0A, 0","","",""
"6420","Golden-winged Warbler","GWWA",906,"Vermivora chrysoptera","0A, 0","0A, 0","Manitoba, Ontario, Québec","",""
"6430","Lucy's Warbler","LUWA",917,"Leiothlypis luciae","0A, 0","0A, 0","","",""
"6440","Virginia's Warbler","VIWA",919,"Leiothlypis virginiae","0A, 0","0A, 0","","",""
"6450","Nashville Warbler","NAWA",918,"Leiothlypis ruficapilla","0A, 0","0A, 0","","",""
"6460","Orange-crowned Warbler","OCWA",915,"Leiothlypis celata","0, 0A","0, 0A","","",""
"6470","Tennessee Warbler","TEWA",914,"Leiothlypis peregrina","0A, 0","0A, 0","","",""
"6471","Colima Warbler","COLW",916,"Leiothlypis crissalis","0, 1, 1C","0, 1, 1C","","",""
"6480","Northern Parula","NOPA",934,"Setophaga americana","0A, 0","0A, 0","","",""
"6490","Tropical Parula","TRPA",935,"Setophaga pitiayumi","0A","0A","","",""
"6500","Cape May Warbler","CMWA",932,"Setophaga tigrina","0, 0A, 1C, 1","0, 0A, 1C, 1","","",""
"6510","Olive Warbler","OLWA",895,"Peucedramus taeniatus","0, 0A","0, 0A","","",""
"6520","Yellow Warbler","YEWA",939,"Setophaga petechia","0, 0A, 1C, 1","0, 0A, 1C, 1","","",""
"6540","Black-throated Blue Warbler","BTBW",942,"Setophaga caerulescens","0, 0A","0, 0A","","",""
"6550","Myrtle Warbler","MYWA",947,"Setophaga coronata coronata","0, 1C, 0A, 1","0, 1C, 0A, 1","","",""
"6556","Unknown Yellow-rumped Warbler","UYRW",948,"Setophaga coronata","0, 1C, 0A, 1","0, 1C, 0A, 1","","",""
"6560","Audubon's Warbler","AUWA",949,"Setophaga auduboni auduboni","0, 1C, 0A, 1","0, 1C, 0A, 1","","",""
"6570","Magnolia Warbler","MAWA",936,"Setophaga magnolia","0A, 0","0A, 0, 1C","","",""
"6580","Cerulean Warbler","CERW",933,"Setophaga cerulea","0A, 0","0A, 0","Ontario, Québec","",""
"6581","Elfin-woods Warbler","EWWA",927,"Setophaga angelae","0","0","","",""
"6590","Chestnut-sided Warbler","CSWA",940,"Setophaga pensylvanica","0A, 0","0A, 0, 1C","","",""
"6600","Bay-breasted Warbler","BBWA",937,"Setophaga castanea","0, 1C, 0A, 1","0, 1C, 0A, 1","","",""
"6610","Blackpoll Warbler","BLPW",941,"Setophaga striata","0, 1C, 0A, 1","0, 1C, 0A, 1","","",""
"6620","Blackburnian Warbler","BLBW",938,"Setophaga fusca","0, 0A","0, 0A, 1C","","",""
"6630","Yellow-throated Warbler","YTWA",950,"Setophaga dominica","0A, 0","0A, 0","","",""
"6634","Sutton's Warbler","SUWA",951,"","0A","0A, 0","","",""
"6640","Grace's Warbler","GRWA",956,"Setophaga graciae","0A, 0","0A, 0","","",""
"6641","Adelaide's Warbler","ADWA",953,"Setophaga adelaidae","0A, 0","0A, 0","","",""
"6642","Barbuda Warbler","BARW",954,"Setophaga subita","0A, 0","0A, 0","","",""
"6643","St. Lucia Warbler","SLWA",955,"Setophaga delicata","0A, 0","0A, 0","","",""
"6650","Black-throated Gray Warbler","BTYW",957,"Setophaga nigrescens","0A, 0","0A, 0","","",""
"6660","Golden-cheeked Warbler","GCWA",961,"Setophaga chrysoparia","0A","0A, 0","Y","",""
"6670","Black-throated Green Warbler","BTNW",962,"Setophaga virens","0A, 0","0A, 0","","",""
"6680","Townsend's Warbler","TOWA",958,"Setophaga townsendi","0A, 0","0A, 0","","",""
"6686","Townsend's X Hermit Warbler Hybrid","THWH",959,"","0A, 0","0A, 0","","",""
"6690","Hermit Warbler","HEWA",960,"Setophaga occidentalis","0A, 0","0A, 0","","",""
"6700","Kirtland's Warbler","KIWA",931,"Setophaga kirtlandii","1C, 1","1C, 1, 0","","",""
"6710","Pine Warbler","PIWA",946,"Setophaga pinus","0, 0A","0, 0A, 1, 1C","","",""
"6720","Western Palm Warbler","WPWA",943,"Setophaga palmarum palmarum","0, 0A","0, 0A, 1C","","",""
"6729","Yellow Palm Warbler","YPWA",944,"Setophaga palmarum hypochrysea","0, 0A","0, 0A, 1C","","",""
"6730","Prairie Warbler","PRAW",952,"Setophaga discolor","0A, 0","0A, 0","","",""
"6740","Ovenbird","OVEN",902,"Seiurus aurocapilla","1, 1C, 0","1, 1C, 0, 1B","","",""
"6750","Northern Waterthrush","NOWA",905,"Parkesia noveboracensis","1, 0, 1C","1, 0, 1C","","",""
"6760","Louisiana Waterthrush","LOWA",904,"Parkesia motacilla","1C, 1","1C, 1, 0","Ontario, Québec","",""
"6770","Kentucky Warbler","KEWA",924,"Geothlypis formosa","0, 1C, 1","0, 1C, 1","","",""
"6780","Connecticut Warbler","CONW",920,"Oporornis agilis","1, 0, 1C","1, 0, 1C","","",""
"6790","Mourning Warbler","MOWA",923,"Geothlypis philadelphia","0, 0A, 1, 1C","0, 0A, 1, 1C","","",""
"6800","MacGillivray's Warbler","MGWA",922,"Geothlypis tolmiei","1C, 1, 0, 0A","1C, 1, 0, 0A","","",""
"6810","Common Yellowthroat","COYE",926,"Geothlypis trichas","0, 1C, 0A, 1","0, 1C, 0A, 1","","",""
"6821","Gray-crowned Yellowthroat","GCYE",921,"Geothlypis poliocephala","1, 1C, 1B","1, 1C, 1B","","",""
"6830","Yellow-breasted Chat","YBCH",971,"Icteria virens","1B, 1A, 1D","1B, 1A, 1D, 1P","British Columbia, Ontario","",""
"6840","Hooded Warbler","HOWA",929,"Setophaga  citrina","0, 0A, 1C, 1","0, 0A, 1C, 1","","",""
"6850","Wilson's Warbler","WIWA",967,"Cardellina pusilla","0A, 0","0A, 0, 1C","","",""
"6860","Canada Warbler","CAWA",966,"Cardellina canadensis","0, 0A","0, 0A, 1, 1C","Alberta, British Columbia, Manitoba, New Brunswick, Nova Scotia, Ontario, Prince Edward Island, Québec, Saskatchewan, Yukon Territory, Northwest Territories","",""
"6870","American Redstart","AMRE",930,"Setophaga ruticilla","0A, 0","0A, 0, 1C","","",""
"6880","Painted Redstart","PARE",969,"Myioborus pictus","0A, 0","0A, 0","","",""
"6881","Fan-tailed Warbler","FTWA",963,"Basileuterus lachrymosus","1","1, 1B, 1C","","",""
"6882","House Sparrow","HOSP",1171,"Passer domesticus","1B, 1","1B, 1, 1A","","",""
"6883","Eurasian Tree Sparrow","ETSP",1172,"Passer montanus","1, 1B, 1C","1, 1B, 1C","","",""
"6890","Slate-throated Redstart","SLAR",970,"Myioborus miniatus","0A, 0","0A, 0","","",""
"6900","Red-faced Warbler","RFWA",968,"Cardellina rubrifrons","0A, 0","0A, 0","","",""
"6920","Golden-crowned Warbler","GOLW",965,"Basileuterus culicivorus","0A, 0","0A, 0","","",""
"6921","Rufous-capped Warbler","RCWA",964,"Basileuterus rufifrons","1, 0","1, 0","","",""
"6960","Eastern Yellow Wagtail","EYWA",881,"Motacilla tschutschensis","1, 1C","1, 1C, 0","","",""
"6970","American Pipit","AMPI",888,"Anthus rubescens","1, 1C","1, 1C, 0, 0A","","",""
"6983","Olive-backed Pipit","OBPI",885,"Anthus hodgsoni","1, 1C","1, 1C","","",""
"6990","Red-throated Pipit","RTPI",887,"Anthus cervinus","1, 1C","1, 1C","","",""
"7000","Sprague's Pipit","SPPI",889,"Anthus spragueii","1, 1C","1, 1C, 0","Alberta, Manitoba, Saskatchewan","",""
"7010","American Dipper","AMDI",797,"Cinclus mexicanus","2, 1D, 1A","2, 1D, 1A","","",""
"7020","Sage Thrasher","SATH",866,"Oreoscoptes montanus","1B, 1A, 1D","1B, 1A, 1D","Alberta, British Columbia, Saskatchewan","",""
"7030","Northern Mockingbird","NOMO",869,"Mimus polyglottos","2, 1D, 1A","2, 1D, 1A","","",""
"7031","Bahama Mockingbird","BAMO",867,"Mimus gundlachii","2, 1D, 1A","2, 1D, 1A","","",""
"7032","Tropical Mockingbird","TRMO",868,"Mimus gilvus","1A, 1D, 2","1A, 1D, 2","","",""
"7040","Gray Catbird","GRCA",856,"Dumetella carolinensis","1A","1A, 1B, 1D, 2","","",""
"7050","Brown Thrasher","BRTH",860,"Toxostoma rufum","2, 3","2, 3, 2A","","",""
"7060","Long-billed Thrasher","LBTH",861,"Toxostoma longirostre","2, 3","2, 3, 2A","","",""
"7070","Curve-billed Thrasher","CBTH",859,"Toxostoma curvirostre","3, 2, 2A","3, 2, 2A","","",""
"7080","Bendire's Thrasher","BETH",862,"Toxostoma bendirei","2","2, 2A","","",""
"7100","California Thrasher","CATH",863,"Toxostoma redivivum","3","3, 2, 2A","","",""
"7110","LeConte's Thrasher","LCTH",864,"Toxostoma lecontei","2","2, 2A","","",""
"7111","Pearly-eyed Thrasher","PETH",857,"Margarops fuscatus","3, 3B, 2","3, 3B, 2, 2A","","",""
"7120","Crissal Thrasher","CRTH",865,"Toxostoma crissale","2","2, 2A","","",""
"7121","Blue Mockingbird","BLMO",870,"Melanotis caerulescens","2","2","","",""
"7130","Cactus Wren","CACW",791,"Campylorhynchus brunneicapillus","1B, 1A","1B, 1A, 1D","","",""
"7150","Rock Wren","ROWR",781,"Salpinctes obsoletus","1, 1C, 0","1, 1C, 0","","",""
"7170","Canyon Wren","CANW",782,"Catherpes mexicanus","1, 1C","1, 1C, 0","","",""
"7180","Carolina Wren","CARW",789,"Thryothorus ludovicianus","1B, 1","1B, 1, 1A, 1C, 1P","","",""
"7190","Bewick's Wren","BEWR",790,"Thryomanes bewickii","1, 0, 1C","1, 0, 1C, 0A","","",""
"7210","House Wren","HOWR",783,"Troglodytes aedon","0, 0A, 1C, 1","0, 0A, 1C, 1","","",""
"7220","Winter Wren","WIWR",786,"Troglodytes hiemalis","0A, 0","0A, 0","","",""
"7221","Pacific Wren","PAWR",785,"Troglodytes pacificus","0A, 0","0A, 0, 1C","","",""
"7240","Sedge Wren","SEWR",787,"Cistothorus platensis","0A, 0","0A, 0","","",""
"7250","Marsh Wren","MAWR",788,"Cistothorus palustris","1C, 1, 0","1C, 1, 0, 0A","","",""
"7260","Brown Creeper","BRCR",780,"Certhia americana","0A, 0","0A, 0","","",""
"7261","Red-whiskered Bulbul","RWBU",799,"Pycnonotus jocosus","1B, 1A","1B, 1A","","",""
"7262","Red-vented Bulbul","RVBU",798,"Pycnonotus cafer","1A, 1D, 2","1A, 1D, 2","","",""
"7270","White-breasted Nuthatch","WBNU",777,"Sitta carolinensis","1B, 1, 1C","1B, 1, 1C, 1A","","",""
"7280","Red-breasted Nuthatch","RBNU",776,"Sitta canadensis","0, 1C, 1","0, 1C, 1, 0A","","",""
"7290","Brown-headed Nuthatch","BHNU",779,"Sitta pusilla","0, 1C","0, 1C, 0A, 1","","",""
"7300","Pygmy Nuthatch","PYNU",778,"Sitta pygmaea","0, 1C","0, 1C, 0A, 1","","",""
"7310","Tufted Titmouse","TUTI",771,"Baeolophus bicolor","1B","1B, 1, 1A, 1P","","",""
"7320","Black-crested Titmouse","BCTI",773,"Baeolophus atricristatus","1B","1B, 1, 1A","","",""
"7330","Oak Titmouse","OATI",769,"Baeolophus inornatus","1, 1C","1, 1C, 0, 1B","","",""
"7331","Juniper Titmouse","JUTI",770,"Baeolophus ridgwayi","1, 1C","1, 1C, 0, 1B","","",""
"7339","Plain Titmouse","PLTI",772,"","1","1","","",""
"7340","Bridled Titmouse","BRTI",768,"Baeolophus wollweberi","1, 1C","1, 1C, 0","","",""
"7350","Black-capped Chickadee","BCCH",760,"Poecile atricapillus","0, 0A, 1C, 1","0, 0A, 1C, 1","","",""
"7356","Hybrid Chickadee","HYCH",766,"","0, 1C, 1","0, 1C, 1, 0A","","",""
"7360","Carolina Chickadee","CACH",759,"Poecile carolinensis","0, 0A, 1C","0, 0A, 1C, 1","","",""
"7370","Mexican Chickadee","MECH",762,"Poecile sclateri","0, 0A","0, 0A","","",""
"7380","Mountain Chickadee","MOCH",761,"Poecile gambeli","0, 0A","0, 0A, 1, 1C","","",""
"7390","Gray-headed Chickadee","GHCH",765,"Poecile cinctus","1C, 0, 1","1C, 0, 1","","",""
"7400","Boreal Chickadee","BOCH",764,"Poecile hudsonicus","0, 0A, 1C, 1","0, 0A, 1C, 1","","",""
"7410","Chestnut-backed Chickadee","CBCH",763,"Poecile rufescens","0, 0A","0, 0A, 1, 1C","","",""
"7420","Wrentit","WREN",806,"Chamaea fasciata","1, 1C, 1B","1, 1C, 1B","","",""
"7421","Red-billed Leiothrix","RBLE",810,"Leiothrix lutea","1B","1B, 1, 1A","","",""
"7422","Hwamei","HWAM",809,"Garrulax canorus","2, 3","2, 3","","",""
"7423","Greater Necklaced Laughingthrush","GNLA",808,"Garrulax pectoralis","2","2","","",""
"7424","Orange-billed Nightingale-Thrush","OBNT",836,"Catharus aurantiirostris","1B","1B, 1, 1A","","",""
"7430","Bushtit","BUSH",775,"Psaltriparus minimus","0A, 0","0A, 0","","",""
"7460","Verdin","VERD",774,"Auriparus flaviceps","0A, 0","0A, 0","","",""
"7461","Japanese Bush-Warbler","JABW",802,"Horornis diphone","M: 1, 1C / F: 0, 1C, 0A","M: 1, 1C, 0, 0A / F: 0, 1C, 0A","","",""
"7462","Millerbird","MILL",811,"Acrocephalus familiaris","0A","0A, 0","Y","",""
"7470","Arctic Warbler","ARWA",805,"Phylloscopus borealis","0A, 0","0A, 0","","",""
"7474","Dusky Warbler","DUWA",804,"Phylloscopus fuscatus","0A","0A","","",""
"7475","Lanceolated Warbler","LANW",817,"Locustella lanceolata","0A","0A, 0","","",""
"7480","Golden-crowned Kinglet","GCKI",800,"Regulus satrapa","0A","0A, 0","","",""
"7490","Ruby-crowned Kinglet","RCKI",801,"Regulus calendula","0A","0A, 0","","",""
"7510","Blue-gray Gnatcatcher","BGGN",792,"Polioptila caerulea","0A","0A, 0","","",""
"7520","Black-tailed Gnatcatcher","BTGN",795,"Polioptila melanura","0A","0A, 0","","",""
"7530","California Gnatcatcher","CAGN",793,"Polioptila californica","0A","0A, 0","Y","",""
"7531","Black-capped Gnatcatcher","BCGN",796,"Polioptila nigriceps","0A","0A, 0","","",""
"7540","Townsend's Solitaire","TOSO",830,"Myadestes townsendi","1B","1B, 1, 1A","","",""
"7541","Omao","OMAO",834,"Myadestes obscurus","1A, 1D","1A, 1D, 1B, 2","","",""
"7542","Puaiohi","PUAI",835,"Myadestes palmeri","1A","1A","Y","",""
"7550","Wood Thrush","WOTH",843,"Hylocichla mustelina","1A","1A, 1B, 1P","New Brunswick, Nova Scotia, Ontario, Québec","",""
"7560","Veery","VEER",837,"Catharus fuscescens","1B","1B, 1, 1A, 1P","","",""
"7570","Gray-cheeked Thrush","GCTH",838,"Catharus minimus","1B","1B, 1, 1A, 1P","","",""
"7571","Bicknell's Thrush","BITH",839,"Catharus bicknelli","1B","1B, 1P","New Brunswick, Nova Scotia, Québec","",""
"7579","Unidentified Gray-cheeked/Bicknell's Thrush","GCBT",840,"","1B","1B","","",""
"7580","Swainson's Thrush","SWTH",841,"Catharus ustulatus","1B","1B, 1, 1A, 1P","","",""
"7590","Hermit Thrush","HETH",842,"Catharus guttatus","1B, 1","1B, 1, 1A, 1P","","",""
"7610","American Robin","AMRO",851,"Turdus migratorius","2","2, 1D","","",""
"7612","Fieldfare","FIEL",846,"Turdus pilaris","2","2","","",""
"7621","Clay-colored Thrush","CCTH",848,"Turdus grayi","2","2","","",""
"7622","Rufous-backed Robin","RBRO",850,"Turdus rufopalliatus","2","2","","",""
"7623","Red-legged Thrush","RLTH",853,"Turdus plumbeus","2","2, 2A","","",""
"7630","Varied Thrush","VATH",854,"Ixoreus naevius","2","2","","",""
"7631","Aztec Thrush","AZTH",855,"Ridgwayia pinicola","2","2","","",""
"7640","Bluethroat","BLUE",822,"Cyanecula svecica","1, 1C","1, 1C","","",""
"7641","Siberian Rubythroat","SIRU",821,"Calliope calliope","1B, 1","1B, 1","","",""
"7642","Red-flanked Bluetail","RFBL",823,"Tarsiger cyanurus","0","0","","",""
"7650","Northern Wheatear","NOWH",825,"Oenanthe oenanthe","1B","1B","","",""
"7660","Eastern Bluebird","EABL",826,"Sialia sialis","1B, 1, 1A","1B, 1, 1A","","",""
"7670","Western Bluebird","WEBL",827,"Sialia mexicana","1B","1B, 1, 1A","","",""
"7676","Hybrid Western/Mountain Bluebird","HYBL",829,"","1B, 1A","1B, 1A","","",""
"7680","Mountain Bluebird","MOBL",828,"Sialia currucoides","1B, 1A","1B, 1A, 1","","",""
"7690","White-rumped Shama","WRSH",820,"Copsychus malabaricus","1B, 1A, 1D","1B, 1A, 1D","","",""
"7700","Hawaii Elepaio","HAEL",744,"Chasiempis sandwichensis","1, 0, 1C","1, 0, 1C","","",""
"7701","Oahu Elepaio","OAEL",743,"Chasiempis ibidis","1","1","Y","",""
"7702","Kauai Elepaio","KAEL",742,"Chasiempis sclateri","1, 0","1, 0, 0A","","",""
"7740","Laysan Finch","LAFI",1127,"Telespiza cantans","1A, 1B","1A, 1B","Y","",""
"7750","Nihoa Finch","NIFI",1128,"Telespiza ultima","1B, 1","1B, 1, 1A","Y","",""
"7760","Ou","OU",1129,"Psittirostra psittacea","2","2","Y","",""
"7770","Palila","PALI",1130,"Loxioides bailleui","1A, 1B","1A, 1B, 2","Y","",""
"7810","Maui Parrotbill","MAPA",1131,"Pseudonestor xanthophrys","1B, 1A","1B, 1A","Y","",""
"7820","Hawaii Amakihi","HAAM",1132,"Chlorodrepanis virens","1, 1B","1, 1B, 0, 1C","","",""
"7821","Oahu Amakihi","OAAM",1133,"Chlorodrepanis flava","1, 1C, 1B","1, 1C, 1B, 0","","",""
"7830","Kauai Amakihi","KAAM",1134,"Chlorodrepanis stejnegeri","1, 1C, 1B","1, 1C, 1B, 0","","",""
"7840","Anianiau","ANIA",1138,"Magumma parva","0, 1C, 1","0, 1C, 1, 0A","","",""
"7870","Oahu Akialoa","OAAK",1135,"Akialoa ellisiana","1, 0","1, 0, 1C","Y","",""
"7890","Akiapolaau","AKIP",1137,"Hemignathus wilsoni","1A, 1B","1A, 1B, 1D","Y","",""
"7900","Akikiki","AKIK",1139,"Oreomystis bairdi","1, 1C, 0","1, 1C, 0","Y","",""
"7910","Hawaii Creeper","HCRE",1143,"Loxops mana","1, 1C, 0","1, 1C, 0, 0A","Y","",""
"7920","Maui Alauahio","MAAL",1142,"Paroreomyza montana","1C, 1","1C, 1, 0","","",""
"7940","Oahu Alauahio","OAAL",1140,"Paroreomyza maculata","1, 1C","1, 1C","Y","",""
"7950","Akepa","AKEP",1145,"Loxops coccineus","0, 1","0, 1, 1C","Y","",""
"7960","Akekee","AKEK",1144,"Loxops caeruleirostris","1, 1C","1, 1C, 0","Y","",""
"7980","Iiwi","IIWI",1146,"Drepanis coccinea","1B","1B, 1, 1A","","",""
"8010","Akohekohe","AKOH",1147,"Palmeria dolei","1A","1A, 1B","Y","",""
"8020","Apapane","APAP",1148,"Himatione sanguinea","1, 1C, 1B","1, 1C, 1B, 1A","","",""
"8040","Poo-uli","POUL",1149,"Melamprosops phaeosoma","1B","1B","Y","",""
"8041","Northern Red Bishop","NRBI",1174,"Euplectes franciscanus","0A","0A, 0","","",""
"8042","Yellow-crowned Bishop","YCBI",1173,"Euplectes afer","0A","0A","","",""
"8060","Lavender Waxbill","LAVW",1176,"Estrilda caerulescens","0","0","","",""
"8070","Orange-cheeked Waxbill","ORAW",1177,"Estrilda melpoda","0A, 0","0A, 0","","",""
"8081","Common Waxbill","COMW",1179,"Estrilda astrild","0A, 0","0A, 0","","",""
"8090","Red Avadavat","REAV",1180,"Amandava amandava","0A, 0","0A, 0","","",""
"8100","African Silverbill","AFSI",1182,"Euodice cantans","0, 0A, 1C","0, 0A, 1C, 1","","",""
"8101","Bronze Mannikin","BRMA",1181,"Spermestes cucullata","0A","0A","","",""
"8110","Scaly-breasted Munia","SBMU",1184,"Lonchura punctulata","0, 0A","0, 0A, 1, 1C","","",""
"8120","Tricolored Munia","TRMU",1185,"Lonchura malacca","0, 1C, 1","0, 1C, 1","","",""
"8130","Java Sparrow","JAVS",1183,"Lonchura oryzivora","1B, 1A","1B, 1A","","",""
"8131","Pin-tailed Whydah","PTWH",1186,"Vidua macroura","1, 0, 1B","1, 0, 1B, 1C","","",""
"8502","Emperor Penguin","EMPE",102,"Aptenodytes forsteri","9","9","","",""
"8503","Gentoo Penguin","GEPE",103,"Pygoscelis papua","9","9","","",""
"8504","Adelie Penguin","ADPE",104,"Pygoscelis adeliae","9","9","","",""
"8505","Chinstrap Penguin","CHPE",105,"Pygoscelis antarcticus","9","9","","",""
"8508","Rockhopper Penguin","ROCP",107,"Eudyptes chrysocome","9","9","","",""
"8509","Royal Penguin","ROYP",108,"Eudyptes schlegeli","9","9","","",""
"8510","Macaroni Penguin","MACP",109,"Eudyptes chrysolophus","9","9","","",""
"8522","Gray-headed Albatross","GHAL",119,"Thalassarche chrysostoma","8","8","","",""
"8524","Light-mantled Albatross","LMSA",118,"Phoebetria palpebrata","8","8","","",""
"8525","Southern Giant Petrel","SGPE",122,"Macronectes giganteus","8, 7D","8, 7D, 7B","","",""
"8526","Southern Fulmar","SOFU",132,"Fulmarus glacialoides","5","5","","",""
"8533","White-chinned Petrel","WCPE",155,"Procellaria aequinoctialis","7A, 6, 5A, 5","7A, 6, 5A, 5","","",""
"8536","Kerguelen Petrel","KEPE",141,"Aphrodroma brevirostris","4","4","","",""
"8537","Snow Petrel","SNPE",135,"Pagodroma nivea","4","4","","",""
"8538","Gray-backed Storm-Petrel","GBSP",174,"Garrodia nereis","1B, 1A","1B, 1A","","",""
"8541","Blue-eyed Cormorant","BECO",205,"Leucocarbo atriceps","8, 7D","8, 7D, 7B","","",""
"8543","Snowy Sheathbill","SNSH",309,"Chionis albus","7A, 6","7A, 6","","",""
"8546","Southern Black-backed Gull","SBBG",423,"Larus dominicanus","7A, 7, 7B","7A, 7, 7B","","",""
"8548","Antarctic Tern","ANTE",448,"Sterna vittata","3, 3B","3, 3B","","",""
"8552","Hybrid Skua","HYSK",369,"","7B, 7A","7B, 7A","","",""
"8553","Northern Giant Petrel","NGPE",123,"Macronectes halli","8","8","","",""
"8554","Brown Skua","BRSK",368,"Stercorarius antarcticus","7B, 7A","7B, 7A","","",""
"8560","Tinian Monarch","TIMO",716,"Monarcha takatsukasae","0, 1C","0, 1C","","",""
"8570","Mariana Crow","MARC",732,"Corvus kubaryi","4, 4A","4, 4A","Y","",""
"8590","Nightingale Reed Warbler","NIRW",812,"Acrocephalus luscinius","1A, 1D","1A, 1D","Y","",""
"8600","Micronesian Megapode","MIME",86,"Megapodius laperouse","6","6","Y","",""
"8610","White-rumped Swiftlet","WRSW",535,"Aerodramus spodiopygius","0, 1, 1C","0, 1, 1C","","",""
"8620","Purple-capped Fruit Dove","PCFD",476,"Ptilinopus porphyraceus","3A, 4","3A, 4, 3B","","",""
"8630","Collared Kingfisher","COLK",574,"Todiramphus chloris","2, 3, 3B","2, 3, 3B, 3A","","",""
"8640","Samoan Starling","SAST",873,"Aplonis atrifusca","M: 3B, 3A, 4 / F: 3, 3B, 3A","M: 3B, 3A, 4, 3 / F: 3, 3B, 3A","","",""
"8650","Polynesian Starling","POST",872,"Aplonis tabuensis","M: 2, 3 / F: 1A, 1D, 2","M: 2, 3, 1D / F: 1A, 1D, 2","","",""
"8660","Cardinal Honeyeater","CAHO",687,"Myzomela cardinalis","1, 1C, 0","1, 1C, 0","","",""
"8670","Wattled Honeyeater","WAHO",688,"Foulehaio carunculatus","1A, 1D, 2","1A, 1D, 2","","",""
"8680","Micronesian Honeyeater","MIHO",689,"Myzomela rubratra","1, 1B","1, 1B","","",""
"8690","Rufous Fantail","RUFA",714,"Rhipidura rufifrons","0A, 0","0A, 0","","",""
"8691","Fiji Shrikebill","FISH",715,"Clytorhynchus vitiensis","1A, 1B","1A, 1B, 1D, 1P, 2","","",""
"8700","Bridled White-eye","BRWE",816,"Zosterops conspicillatus","0A, 0","0A, 0","Y","",""
"8710","Golden White-eye","GOWE",814,"Cleptornis marchei","1B, 1","1B, 1","","",""
"8720","Micronesian Starling","MIST",871,"Aplonis opaca","3, 2","3, 2, 3A, 3B","","",""
"8740","Black Drongo","BLDR",713,"Dicrurus macrocercus","2","2","","",""
"8750","Long-tailed Cuckoo","LTCU",492,"Eudynamys taitensis","3, 3B, 3A","3, 3B, 3A","","",""
"8760","Many-colored Fruit Dove","MCFD",475,"Ptilinopus perousii","3A, 3B","3A, 3B, 4","","",""
"8770","Pacific Pigeon","PAPI",478,"Ducula pacifica","6","6","","",""
"8780","Shy Ground Dove","SHGD",474,"Alopecoenas stairi","3A, 4","3A, 4","Y","",""
"8790","Micronesian Kingfisher","MICK",575,"Todiramphus cinnamominus","3","3","Y","",""
"8810","Rota White-eye","ROWE",815,"Zosterops rotensis","0","0","Y","",""
"9067","Antillean Mango","ANMA",541,"Anthracothorax dominicus","X","X","","",""
"9071","Streamertail","STTL",568,"Trochilus polytmus","X","X","","",""
"9081","Jamaican Tody","JATO",572,"Todus todus","0","0","","",""
"9094","Sad Flycatcher","SAFL",664,"Myiarchus barbirostris","1C, 1","1C, 1","","",""
"9099","Yellow-bellied Elaenia","YBEL",635,"Elaenia flavogaster","1, 1B","1, 1B","","",""
"9101","Greater Antillean Elaenia","GAEL",636,"Elaenia fallax","0A, 0","0A, 0","","",""
"9102","Jamaican Elaenia","JAEL",632,"Myiopagis cotta","0A, 0","0A, 0","","",""
"9107","Jamaican Crow","JACR",736,"Corvus jamaicensis","6","6","","",""
"9109","Southern House Wren","SHWR",784,"Troglodytes aedon musculus","0","0","","",""
"9116","Brown Trembler","BRTR",858,"Cinclocerthia ruficauda","2, 1D","2, 1D","","",""
"9120","White-eyed Thrush","WETH",849,"Turdus jamaicensis","2","2","","",""
"9122","White-chinned Thrush","WCTH",852,"Turdus aurantius","2","2","","",""
"9127","Rufous-throated Solitaire","RTSO",831,"Myadestes genibarbis","1, 1B, 1C","1, 1B, 1C","","",""
"9130","Thick-billed Vireo","TBVI",695,"Vireo crassirostris","1C, 1","1C, 1, 0","","",""
"9132","Jamaican Vireo","JAVI",696,"Vireo modestus","0","0","","",""
"9138","Olive-capped Warbler","OLIW",945,"Setophaga pityophila","0A","0A, 0","","",""
"9141","Arrowhead Warbler","ARRW",928,"Setophaga pharetra","0A","0A, 0","","",""
"9145","Bahama Yellowthroat","BAYE",925,"Geothlypis rostrata","1, 1C","1, 1C, 0","","",""
"9151","Orangequit","ORAN",991,"Euneornis campestris","1C, 1","1C, 1, 0, 1B","","",""
"9153","Jamaican Euphonia","JAEU",1120,"Euphonia jamaica","0, 0A","0, 0A, 1, 1C","","",""
"9166","Venezuelan Troupial","VETR",1108,"Icterus icterus","3","3, 2, 3B","","",""
"9169","Jamaican Oriole","JAOR",1112,"Icterus leucopteryx","2, 1D","2, 1D","","",""
"9176","Yellow-shouldered Grassquit","YSGR",987,"Loxipasser anoxanthus","0, 1","0, 1, 1C","","",""
"9178","Greater Antillean Bullfinch","GABU",989,"Melopyrrha violacea","1B, 1","1B, 1, 1A","","",""
"9182","Yellow-bellied Seedeater","YBSE",983,"Sporophila nigricollis","0","0, 0A, 1","","",""
"9184","Blue-black Grassquit","BBGR",981,"Volatinia jacarina","0, 0A","0, 0A","","",""
"9986","Hybrid Nonpasserine","HYNO",608,"","1A, 3A, 4, 4A, 5, 6, 7, 7A, 7B","1A, 3A, 4, 4A, 5, 6, 7, 7A, 7B","","",""
"9996","Hybrid Passerine","HYPA",609,"","0, 0A, 1, 1A, 1B, 1D, 3A, 3B","0, 0A, 1, 1A, 1B, 1D, 3A, 3B","","",""
